2026/04/16 21:06:49 [TeacherPortal] - Error retriving students:  parse "http://localhost:6000/students/\x01": net/url: invalid control character in URL

2026/04/16 21:06:49 [TeacherPortal] - http: panic serving [::1]:59498: Error retriving students:  parse "http://localhost:6000/students/\x01": net/url: invalid control character in URL

goroutine 34 [running]:
net/http.(*conn).serve.func1()
	/Users/suriyaprakash.m/go/pkg/mod/golang.org/toolchain@v0.0.1-go1.24.13.darwin-arm64/src/net/http/server.go:1947 +0xb0
panic({0x102f59e80?, 0x1400030c0a0?})
	/Users/suriyaprakash.m/go/pkg/mod/golang.org/toolchain@v0.0.1-go1.24.13.darwin-arm64/src/runtime/panic.go:792 +0x124
log.Panicln({0x14000239990?, 0x1f4?, 0x102e5c8bf?})
	/Users/suriyaprakash.m/go/pkg/mod/golang.org/toolchain@v0.0.1-go1.24.13.darwin-arm64/src/log/log.go:446 +0x60
git-server.git-server/code-ecosystem/distributed-systems/pkg/teacherportal.studentsHandler.renderStudent.func1()
	/Users/suriyaprakash.m/workspace/intellizone/code-ecosystem/distributed-systems/pkg/teacherportal/handlers.go:84 +0x88
git-server.git-server/code-ecosystem/distributed-systems/pkg/teacherportal.studentsHandler.renderStudent({}, {0x102ffba80, 0x140002300e0}, 0x102f1ded8?, 0x1)
	/Users/suriyaprakash.m/workspace/intellizone/code-ecosystem/distributed-systems/pkg/teacherportal/handlers.go:95 +0x144
git-server.git-server/code-ecosystem/distributed-systems/pkg/teacherportal.studentsHandler.ServeHTTP({}, {0x102ffba80, 0x140002300e0}, 0x140000f7680)
	/Users/suriyaprakash.m/workspace/intellizone/code-ecosystem/distributed-systems/pkg/teacherportal/handlers.go:36 +0x158
net/http.(*ServeMux).ServeHTTP(0x1400007e960?, {0x102ffba80, 0x140002300e0}, 0x140000f7680)
	/Users/suriyaprakash.m/go/pkg/mod/golang.org/toolchain@v0.0.1-go1.24.13.darwin-arm64/src/net/http/server.go:2822 +0x1b4
net/http.serverHandler.ServeHTTP({0x140002961b0?}, {0x102ffba80?, 0x140002300e0?}, 0x6?)
	/Users/suriyaprakash.m/go/pkg/mod/golang.org/toolchain@v0.0.1-go1.24.13.darwin-arm64/src/net/http/server.go:3301 +0xbc
net/http.(*conn).serve(0x1400029e090, {0x102ffbff8, 0x14000110240})
	/Users/suriyaprakash.m/go/pkg/mod/golang.org/toolchain@v0.0.1-go1.24.13.darwin-arm64/src/net/http/server.go:2102 +0x52c
created by net/http.(*Server).Serve in goroutine 7
	/Users/suriyaprakash.m/go/pkg/mod/golang.org/toolchain@v0.0.1-go1.24.13.darwin-arm64/src/net/http/server.go:3454 +0x3d8

2026/04/16 21:06:49 [TeacherPortal] - Error retriving students:  parse "http://localhost:6000/students/\x01": net/url: invalid control character in URL

2026/04/16 21:06:49 [TeacherPortal] - http: panic serving [::1]:59519: Error retriving students:  parse "http://localhost:6000/students/\x01": net/url: invalid control character in URL

goroutine 19 [running]:
net/http.(*conn).serve.func1()
	/Users/suriyaprakash.m/go/pkg/mod/golang.org/toolchain@v0.0.1-go1.24.13.darwin-arm64/src/net/http/server.go:1947 +0xb0
panic({0x102f59e80?, 0x14000112140?})
	/Users/suriyaprakash.m/go/pkg/mod/golang.org/toolchain@v0.0.1-go1.24.13.darwin-arm64/src/runtime/panic.go:792 +0x124
log.Panicln({0x14000284990?, 0x1f4?, 0x102e5c8bf?})
	/Users/suriyaprakash.m/go/pkg/mod/golang.org/toolchain@v0.0.1-go1.24.13.darwin-arm64/src/log/log.go:446 +0x60
git-server.git-server/code-ecosystem/distributed-systems/pkg/teacherportal.studentsHandler.renderStudent.func1()
	/Users/suriyaprakash.m/workspace/intellizone/code-ecosystem/distributed-systems/pkg/teacherportal/handlers.go:84 +0x88
git-server.git-server/code-ecosystem/distributed-systems/pkg/teacherportal.studentsHandler.renderStudent({}, {0x102ffba80, 0x14000364000}, 0x102f1ded8?, 0x1)
	/Users/suriyaprakash.m/workspace/intellizone/code-ecosystem/distributed-systems/pkg/teacherportal/handlers.go:95 +0x144
git-server.git-server/code-ecosystem/distributed-systems/pkg/teacherportal.studentsHandler.ServeHTTP({}, {0x102ffba80, 0x14000364000}, 0x1400034c280)
	/Users/suriyaprakash.m/workspace/intellizone/code-ecosystem/distributed-systems/pkg/teacherportal/handlers.go:36 +0x158
net/http.(*ServeMux).ServeHTTP(0x140003340a0?, {0x102ffba80, 0x14000364000}, 0x1400034c280)
	/Users/suriyaprakash.m/go/pkg/mod/golang.org/toolchain@v0.0.1-go1.24.13.darwin-arm64/src/net/http/server.go:2822 +0x1b4
net/http.serverHandler.ServeHTTP({0x140003042a0?}, {0x102ffba80?, 0x14000364000?}, 0x6?)
	/Users/suriyaprakash.m/go/pkg/mod/golang.org/toolchain@v0.0.1-go1.24.13.darwin-arm64/src/net/http/server.go:3301 +0xbc
net/http.(*conn).serve(0x14000332120, {0x102ffbff8, 0x14000110240})
	/Users/suriyaprakash.m/go/pkg/mod/golang.org/toolchain@v0.0.1-go1.24.13.darwin-arm64/src/net/http/server.go:2102 +0x52c
created by net/http.(*Server).Serve in goroutine 7
	/Users/suriyaprakash.m/go/pkg/mod/golang.org/toolchain@v0.0.1-go1.24.13.darwin-arm64/src/net/http/server.go:3454 +0x3d8

2026/04/16 21:06:50 [TeacherPortal] - Error retriving students:  parse "http://localhost:6000/students/\x01": net/url: invalid control character in URL

2026/04/16 21:06:50 [TeacherPortal] - http: panic serving [::1]:59524: Error retriving students:  parse "http://localhost:6000/students/\x01": net/url: invalid control character in URL

goroutine 21 [running]:
net/http.(*conn).serve.func1()
	/Users/suriyaprakash.m/go/pkg/mod/golang.org/toolchain@v0.0.1-go1.24.13.darwin-arm64/src/net/http/server.go:1947 +0xb0
panic({0x102f59e80?, 0x140001f7360?})
	/Users/suriyaprakash.m/go/pkg/mod/golang.org/toolchain@v0.0.1-go1.24.13.darwin-arm64/src/runtime/panic.go:792 +0x124
log.Panicln({0x14000284990?, 0x1f4?, 0x102e5c8bf?})
	/Users/suriyaprakash.m/go/pkg/mod/golang.org/toolchain@v0.0.1-go1.24.13.darwin-arm64/src/log/log.go:446 +0x60
git-server.git-server/code-ecosystem/distributed-systems/pkg/teacherportal.studentsHandler.renderStudent.func1()
	/Users/suriyaprakash.m/workspace/intellizone/code-ecosystem/distributed-systems/pkg/teacherportal/handlers.go:84 +0x88
git-server.git-server/code-ecosystem/distributed-systems/pkg/teacherportal.studentsHandler.renderStudent({}, {0x102ffba80, 0x140003640e0}, 0x102f1ded8?, 0x1)
	/Users/suriyaprakash.m/workspace/intellizone/code-ecosystem/distributed-systems/pkg/teacherportal/handlers.go:95 +0x144
git-server.git-server/code-ecosystem/distributed-systems/pkg/teacherportal.studentsHandler.ServeHTTP({}, {0x102ffba80, 0x140003640e0}, 0x1400034c640)
	/Users/suriyaprakash.m/workspace/intellizone/code-ecosystem/distributed-systems/pkg/teacherportal/handlers.go:36 +0x158
net/http.(*ServeMux).ServeHTTP(0x14000334160?, {0x102ffba80, 0x140003640e0}, 0x1400034c640)
	/Users/suriyaprakash.m/go/pkg/mod/golang.org/toolchain@v0.0.1-go1.24.13.darwin-arm64/src/net/http/server.go:2822 +0x1b4
net/http.serverHandler.ServeHTTP({0x14000304600?}, {0x102ffba80?, 0x140003640e0?}, 0x6?)
	/Users/suriyaprakash.m/go/pkg/mod/golang.org/toolchain@v0.0.1-go1.24.13.darwin-arm64/src/net/http/server.go:3301 +0xbc
net/http.(*conn).serve(0x14000332360, {0x102ffbff8, 0x14000110240})
	/Users/suriyaprakash.m/go/pkg/mod/golang.org/toolchain@v0.0.1-go1.24.13.darwin-arm64/src/net/http/server.go:2102 +0x52c
created by net/http.(*Server).Serve in goroutine 7
	/Users/suriyaprakash.m/go/pkg/mod/golang.org/toolchain@v0.0.1-go1.24.13.darwin-arm64/src/net/http/server.go:3454 +0x3d8

2026/04/16 21:06:55 [TeacherPortal] - Error retriving students:  parse "http://localhost:6000/students/\x01": net/url: invalid control character in URL

2026/04/16 21:06:55 [TeacherPortal] - http: panic serving [::1]:59541: Error retriving students:  parse "http://localhost:6000/students/\x01": net/url: invalid control character in URL

goroutine 23 [running]:
net/http.(*conn).serve.func1()
	/Users/suriyaprakash.m/go/pkg/mod/golang.org/toolchain@v0.0.1-go1.24.13.darwin-arm64/src/net/http/server.go:1947 +0xb0
panic({0x102f59e80?, 0x14000112220?})
	/Users/suriyaprakash.m/go/pkg/mod/golang.org/toolchain@v0.0.1-go1.24.13.darwin-arm64/src/runtime/panic.go:792 +0x124
log.Panicln({0x14000284990?, 0x1f4?, 0x102e5c8bf?})
	/Users/suriyaprakash.m/go/pkg/mod/golang.org/toolchain@v0.0.1-go1.24.13.darwin-arm64/src/log/log.go:446 +0x60
git-server.git-server/code-ecosystem/distributed-systems/pkg/teacherportal.studentsHandler.renderStudent.func1()
	/Users/suriyaprakash.m/workspace/intellizone/code-ecosystem/distributed-systems/pkg/teacherportal/handlers.go:84 +0x88
git-server.git-server/code-ecosystem/distributed-systems/pkg/teacherportal.studentsHandler.renderStudent({}, {0x102ffba80, 0x140003641c0}, 0x102f1ded8?, 0x1)
	/Users/suriyaprakash.m/workspace/intellizone/code-ecosystem/distributed-systems/pkg/teacherportal/handlers.go:95 +0x144
git-server.git-server/code-ecosystem/distributed-systems/pkg/teacherportal.studentsHandler.ServeHTTP({}, {0x102ffba80, 0x140003641c0}, 0x1400034ca00)
	/Users/suriyaprakash.m/workspace/intellizone/code-ecosystem/distributed-systems/pkg/teacherportal/handlers.go:36 +0x158
net/http.(*ServeMux).ServeHTTP(0x14000334220?, {0x102ffba80, 0x140003641c0}, 0x1400034ca00)
	/Users/suriyaprakash.m/go/pkg/mod/golang.org/toolchain@v0.0.1-go1.24.13.darwin-arm64/src/net/http/server.go:2822 +0x1b4
net/http.serverHandler.ServeHTTP({0x14000304900?}, {0x102ffba80?, 0x140003641c0?}, 0x6?)
	/Users/suriyaprakash.m/go/pkg/mod/golang.org/toolchain@v0.0.1-go1.24.13.darwin-arm64/src/net/http/server.go:3301 +0xbc
net/http.(*conn).serve(0x140003325a0, {0x102ffbff8, 0x14000110240})
	/Users/suriyaprakash.m/go/pkg/mod/golang.org/toolchain@v0.0.1-go1.24.13.darwin-arm64/src/net/http/server.go:2102 +0x52c
created by net/http.(*Server).Serve in goroutine 7
	/Users/suriyaprakash.m/go/pkg/mod/golang.org/toolchain@v0.0.1-go1.24.13.darwin-arm64/src/net/http/server.go:3454 +0x3d8

2026/04/16 21:07:25 [TeacherPortal] - Error retriving students:  parse "http://localhost:6000/students/\x01": net/url: invalid control character in URL

2026/04/16 21:07:25 [TeacherPortal] - http: panic serving [::1]:59650: Error retriving students:  parse "http://localhost:6000/students/\x01": net/url: invalid control character in URL

goroutine 25 [running]:
net/http.(*conn).serve.func1()
	/Users/suriyaprakash.m/go/pkg/mod/golang.org/toolchain@v0.0.1-go1.24.13.darwin-arm64/src/net/http/server.go:1947 +0xb0
panic({0x102f59e80?, 0x14000112300?})
	/Users/suriyaprakash.m/go/pkg/mod/golang.org/toolchain@v0.0.1-go1.24.13.darwin-arm64/src/runtime/panic.go:792 +0x124
log.Panicln({0x14000284990?, 0x1f4?, 0x102e5c8bf?})
	/Users/suriyaprakash.m/go/pkg/mod/golang.org/toolchain@v0.0.1-go1.24.13.darwin-arm64/src/log/log.go:446 +0x60
git-server.git-server/code-ecosystem/distributed-systems/pkg/teacherportal.studentsHandler.renderStudent.func1()
	/Users/suriyaprakash.m/workspace/intellizone/code-ecosystem/distributed-systems/pkg/teacherportal/handlers.go:84 +0x88
git-server.git-server/code-ecosystem/distributed-systems/pkg/teacherportal.studentsHandler.renderStudent({}, {0x102ffba80, 0x140003642a0}, 0x102f1ded8?, 0x1)
	/Users/suriyaprakash.m/workspace/intellizone/code-ecosystem/distributed-systems/pkg/teacherportal/handlers.go:95 +0x144
git-server.git-server/code-ecosystem/distributed-systems/pkg/teacherportal.studentsHandler.ServeHTTP({}, {0x102ffba80, 0x140003642a0}, 0x1400034cdc0)
	/Users/suriyaprakash.m/workspace/intellizone/code-ecosystem/distributed-systems/pkg/teacherportal/handlers.go:36 +0x158
net/http.(*ServeMux).ServeHTTP(0x140003342e0?, {0x102ffba80, 0x140003642a0}, 0x1400034cdc0)
	/Users/suriyaprakash.m/go/pkg/mod/golang.org/toolchain@v0.0.1-go1.24.13.darwin-arm64/src/net/http/server.go:2822 +0x1b4
net/http.serverHandler.ServeHTTP({0x14000304c00?}, {0x102ffba80?, 0x140003642a0?}, 0x6?)
	/Users/suriyaprakash.m/go/pkg/mod/golang.org/toolchain@v0.0.1-go1.24.13.darwin-arm64/src/net/http/server.go:3301 +0xbc
net/http.(*conn).serve(0x140003327e0, {0x102ffbff8, 0x14000110240})
	/Users/suriyaprakash.m/go/pkg/mod/golang.org/toolchain@v0.0.1-go1.24.13.darwin-arm64/src/net/http/server.go:2102 +0x52c
created by net/http.(*Server).Serve in goroutine 7
	/Users/suriyaprakash.m/go/pkg/mod/golang.org/toolchain@v0.0.1-go1.24.13.darwin-arm64/src/net/http/server.go:3454 +0x3d8

2026/04/16 21:07:45 [TeacherPortal] - Error retriving students:  parse "http://localhost:6000/students/\x01": net/url: invalid control character in URL

2026/04/16 21:07:45 [TeacherPortal] - http: panic serving [::1]:59759: Error retriving students:  parse "http://localhost:6000/students/\x01": net/url: invalid control character in URL

goroutine 65 [running]:
net/http.(*conn).serve.func1()
	/Users/suriyaprakash.m/go/pkg/mod/golang.org/toolchain@v0.0.1-go1.24.13.darwin-arm64/src/net/http/server.go:1947 +0xb0
panic({0x102f59e80?, 0x14000113400?})
	/Users/suriyaprakash.m/go/pkg/mod/golang.org/toolchain@v0.0.1-go1.24.13.darwin-arm64/src/runtime/panic.go:792 +0x124
log.Panicln({0x14000273990?, 0x1f4?, 0x102e5c8bf?})
	/Users/suriyaprakash.m/go/pkg/mod/golang.org/toolchain@v0.0.1-go1.24.13.darwin-arm64/src/log/log.go:446 +0x60
git-server.git-server/code-ecosystem/distributed-systems/pkg/teacherportal.studentsHandler.renderStudent.func1()
	/Users/suriyaprakash.m/workspace/intellizone/code-ecosystem/distributed-systems/pkg/teacherportal/handlers.go:84 +0x88
git-server.git-server/code-ecosystem/distributed-systems/pkg/teacherportal.studentsHandler.renderStudent({}, {0x102ffba80, 0x14000230380}, 0x102f1ded8?, 0x1)
	/Users/suriyaprakash.m/workspace/intellizone/code-ecosystem/distributed-systems/pkg/teacherportal/handlers.go:95 +0x144
git-server.git-server/code-ecosystem/distributed-systems/pkg/teacherportal.studentsHandler.ServeHTTP({}, {0x102ffba80, 0x14000230380}, 0x14000269540)
	/Users/suriyaprakash.m/workspace/intellizone/code-ecosystem/distributed-systems/pkg/teacherportal/handlers.go:36 +0x158
net/http.(*ServeMux).ServeHTTP(0x1400007f540?, {0x102ffba80, 0x14000230380}, 0x14000269540)
	/Users/suriyaprakash.m/go/pkg/mod/golang.org/toolchain@v0.0.1-go1.24.13.darwin-arm64/src/net/http/server.go:2822 +0x1b4
net/http.serverHandler.ServeHTTP({0x140001108a0?}, {0x102ffba80?, 0x14000230380?}, 0x6?)
	/Users/suriyaprakash.m/go/pkg/mod/golang.org/toolchain@v0.0.1-go1.24.13.darwin-arm64/src/net/http/server.go:3301 +0xbc
net/http.(*conn).serve(0x140001285a0, {0x102ffbff8, 0x14000110240})
	/Users/suriyaprakash.m/go/pkg/mod/golang.org/toolchain@v0.0.1-go1.24.13.darwin-arm64/src/net/http/server.go:2102 +0x52c
created by net/http.(*Server).Serve in goroutine 7
	/Users/suriyaprakash.m/go/pkg/mod/golang.org/toolchain@v0.0.1-go1.24.13.darwin-arm64/src/net/http/server.go:3454 +0x3d8

2026/04/16 21:07:45 [TeacherPortal] - Error retriving students:  parse "http://localhost:6000/students/\x01": net/url: invalid control character in URL

2026/04/16 21:07:45 [TeacherPortal] - http: panic serving [::1]:59780: Error retriving students:  parse "http://localhost:6000/students/\x01": net/url: invalid control character in URL

goroutine 59 [running]:
net/http.(*conn).serve.func1()
	/Users/suriyaprakash.m/go/pkg/mod/golang.org/toolchain@v0.0.1-go1.24.13.darwin-arm64/src/net/http/server.go:1947 +0xb0
panic({0x102f59e80?, 0x140001134e0?})
	/Users/suriyaprakash.m/go/pkg/mod/golang.org/toolchain@v0.0.1-go1.24.13.darwin-arm64/src/runtime/panic.go:792 +0x124
log.Panicln({0x14000404990?, 0x1f4?, 0x102e5c8bf?})
	/Users/suriyaprakash.m/go/pkg/mod/golang.org/toolchain@v0.0.1-go1.24.13.darwin-arm64/src/log/log.go:446 +0x60
git-server.git-server/code-ecosystem/distributed-systems/pkg/teacherportal.studentsHandler.renderStudent.func1()
	/Users/suriyaprakash.m/workspace/intellizone/code-ecosystem/distributed-systems/pkg/teacherportal/handlers.go:84 +0x88
git-server.git-server/code-ecosystem/distributed-systems/pkg/teacherportal.studentsHandler.renderStudent({}, {0x102ffba80, 0x14000230460}, 0x102f1ded8?, 0x1)
	/Users/suriyaprakash.m/workspace/intellizone/code-ecosystem/distributed-systems/pkg/teacherportal/handlers.go:95 +0x144
git-server.git-server/code-ecosystem/distributed-systems/pkg/teacherportal.studentsHandler.ServeHTTP({}, {0x102ffba80, 0x14000230460}, 0x14000269900)
	/Users/suriyaprakash.m/workspace/intellizone/code-ecosystem/distributed-systems/pkg/teacherportal/handlers.go:36 +0x158
net/http.(*ServeMux).ServeHTTP(0x1400007f600?, {0x102ffba80, 0x14000230460}, 0x14000269900)
	/Users/suriyaprakash.m/go/pkg/mod/golang.org/toolchain@v0.0.1-go1.24.13.darwin-arm64/src/net/http/server.go:2822 +0x1b4
net/http.serverHandler.ServeHTTP({0x14000278480?}, {0x102ffba80?, 0x14000230460?}, 0x6?)
	/Users/suriyaprakash.m/go/pkg/mod/golang.org/toolchain@v0.0.1-go1.24.13.darwin-arm64/src/net/http/server.go:3301 +0xbc
net/http.(*conn).serve(0x140002094d0, {0x102ffbff8, 0x14000110240})
	/Users/suriyaprakash.m/go/pkg/mod/golang.org/toolchain@v0.0.1-go1.24.13.darwin-arm64/src/net/http/server.go:2102 +0x52c
created by net/http.(*Server).Serve in goroutine 7
	/Users/suriyaprakash.m/go/pkg/mod/golang.org/toolchain@v0.0.1-go1.24.13.darwin-arm64/src/net/http/server.go:3454 +0x3d8

2026/04/16 21:07:46 [TeacherPortal] - Error retriving students:  parse "http://localhost:6000/students/\x01": net/url: invalid control character in URL

2026/04/16 21:07:46 [TeacherPortal] - http: panic serving [::1]:59785: Error retriving students:  parse "http://localhost:6000/students/\x01": net/url: invalid control character in URL

goroutine 61 [running]:
net/http.(*conn).serve.func1()
	/Users/suriyaprakash.m/go/pkg/mod/golang.org/toolchain@v0.0.1-go1.24.13.darwin-arm64/src/net/http/server.go:1947 +0xb0
panic({0x102f59e80?, 0x140001135c0?})
	/Users/suriyaprakash.m/go/pkg/mod/golang.org/toolchain@v0.0.1-go1.24.13.darwin-arm64/src/runtime/panic.go:792 +0x124
log.Panicln({0x14000404990?, 0x1f4?, 0x102e5c8bf?})
	/Users/suriyaprakash.m/go/pkg/mod/golang.org/toolchain@v0.0.1-go1.24.13.darwin-arm64/src/log/log.go:446 +0x60
git-server.git-server/code-ecosystem/distributed-systems/pkg/teacherportal.studentsHandler.renderStudent.func1()
	/Users/suriyaprakash.m/workspace/intellizone/code-ecosystem/distributed-systems/pkg/teacherportal/handlers.go:84 +0x88
git-server.git-server/code-ecosystem/distributed-systems/pkg/teacherportal.studentsHandler.renderStudent({}, {0x102ffba80, 0x14000230540}, 0x102f1ded8?, 0x1)
	/Users/suriyaprakash.m/workspace/intellizone/code-ecosystem/distributed-systems/pkg/teacherportal/handlers.go:95 +0x144
git-server.git-server/code-ecosystem/distributed-systems/pkg/teacherportal.studentsHandler.ServeHTTP({}, {0x102ffba80, 0x14000230540}, 0x14000269cc0)
	/Users/suriyaprakash.m/workspace/intellizone/code-ecosystem/distributed-systems/pkg/teacherportal/handlers.go:36 +0x158
net/http.(*ServeMux).ServeHTTP(0x1400007f6c0?, {0x102ffba80, 0x14000230540}, 0x14000269cc0)
	/Users/suriyaprakash.m/go/pkg/mod/golang.org/toolchain@v0.0.1-go1.24.13.darwin-arm64/src/net/http/server.go:2822 +0x1b4
net/http.serverHandler.ServeHTTP({0x14000278780?}, {0x102ffba80?, 0x14000230540?}, 0x6?)
	/Users/suriyaprakash.m/go/pkg/mod/golang.org/toolchain@v0.0.1-go1.24.13.darwin-arm64/src/net/http/server.go:3301 +0xbc
net/http.(*conn).serve(0x14000209710, {0x102ffbff8, 0x14000110240})
	/Users/suriyaprakash.m/go/pkg/mod/golang.org/toolchain@v0.0.1-go1.24.13.darwin-arm64/src/net/http/server.go:2102 +0x52c
created by net/http.(*Server).Serve in goroutine 7
	/Users/suriyaprakash.m/go/pkg/mod/golang.org/toolchain@v0.0.1-go1.24.13.darwin-arm64/src/net/http/server.go:3454 +0x3d8

2026/04/16 21:07:51 [TeacherPortal] - Error retriving students:  parse "http://localhost:6000/students/\x01": net/url: invalid control character in URL

2026/04/16 21:07:51 [TeacherPortal] - http: panic serving [::1]:59813: Error retriving students:  parse "http://localhost:6000/students/\x01": net/url: invalid control character in URL

goroutine 66 [running]:
net/http.(*conn).serve.func1()
	/Users/suriyaprakash.m/go/pkg/mod/golang.org/toolchain@v0.0.1-go1.24.13.darwin-arm64/src/net/http/server.go:1947 +0xb0
panic({0x102f59e80?, 0x1400030c730?})
	/Users/suriyaprakash.m/go/pkg/mod/golang.org/toolchain@v0.0.1-go1.24.13.darwin-arm64/src/runtime/panic.go:792 +0x124
log.Panicln({0x1400009f990?, 0x1f4?, 0x102e5c8bf?})
	/Users/suriyaprakash.m/go/pkg/mod/golang.org/toolchain@v0.0.1-go1.24.13.darwin-arm64/src/log/log.go:446 +0x60
git-server.git-server/code-ecosystem/distributed-systems/pkg/teacherportal.studentsHandler.renderStudent.func1()
	/Users/suriyaprakash.m/workspace/intellizone/code-ecosystem/distributed-systems/pkg/teacherportal/handlers.go:84 +0x88
git-server.git-server/code-ecosystem/distributed-systems/pkg/teacherportal.studentsHandler.renderStudent({}, {0x102ffba80, 0x140003dc000}, 0x102f1ded8?, 0x1)
	/Users/suriyaprakash.m/workspace/intellizone/code-ecosystem/distributed-systems/pkg/teacherportal/handlers.go:95 +0x144
git-server.git-server/code-ecosystem/distributed-systems/pkg/teacherportal.studentsHandler.ServeHTTP({}, {0x102ffba80, 0x140003dc000}, 0x140003ba500)
	/Users/suriyaprakash.m/workspace/intellizone/code-ecosystem/distributed-systems/pkg/teacherportal/handlers.go:36 +0x158
net/http.(*ServeMux).ServeHTTP(0x14000124d60?, {0x102ffba80, 0x140003dc000}, 0x140003ba500)
	/Users/suriyaprakash.m/go/pkg/mod/golang.org/toolchain@v0.0.1-go1.24.13.darwin-arm64/src/net/http/server.go:2822 +0x1b4
net/http.serverHandler.ServeHTTP({0x14000111710?}, {0x102ffba80?, 0x140003dc000?}, 0x6?)
	/Users/suriyaprakash.m/go/pkg/mod/golang.org/toolchain@v0.0.1-go1.24.13.darwin-arm64/src/net/http/server.go:3301 +0xbc
net/http.(*conn).serve(0x14000128a20, {0x102ffbff8, 0x14000110240})
	/Users/suriyaprakash.m/go/pkg/mod/golang.org/toolchain@v0.0.1-go1.24.13.darwin-arm64/src/net/http/server.go:2102 +0x52c
created by net/http.(*Server).Serve in goroutine 7
	/Users/suriyaprakash.m/go/pkg/mod/golang.org/toolchain@v0.0.1-go1.24.13.darwin-arm64/src/net/http/server.go:3454 +0x3d8

2026/04/16 21:08:40 [TeacherPortal] - Error retriving students:  parse "http://localhost:6000/students/\x01": net/url: invalid control character in URL

2026/04/16 21:08:40 [TeacherPortal] - http: panic serving [::1]:60088: Error retriving students:  parse "http://localhost:6000/students/\x01": net/url: invalid control character in URL

goroutine 69 [running]:
net/http.(*conn).serve.func1()
	/Users/suriyaprakash.m/go/pkg/mod/golang.org/toolchain@v0.0.1-go1.24.13.darwin-arm64/src/net/http/server.go:1947 +0xb0
panic({0x102f59e80?, 0x14000113920?})
	/Users/suriyaprakash.m/go/pkg/mod/golang.org/toolchain@v0.0.1-go1.24.13.darwin-arm64/src/runtime/panic.go:792 +0x124
log.Panicln({0x14000289990?, 0x1f4?, 0x102e5c8bf?})
	/Users/suriyaprakash.m/go/pkg/mod/golang.org/toolchain@v0.0.1-go1.24.13.darwin-arm64/src/log/log.go:446 +0x60
git-server.git-server/code-ecosystem/distributed-systems/pkg/teacherportal.studentsHandler.renderStudent.func1()
	/Users/suriyaprakash.m/workspace/intellizone/code-ecosystem/distributed-systems/pkg/teacherportal/handlers.go:84 +0x88
git-server.git-server/code-ecosystem/distributed-systems/pkg/teacherportal.studentsHandler.renderStudent({}, {0x102ffba80, 0x140003dc0e0}, 0x102f1ded8?, 0x1)
	/Users/suriyaprakash.m/workspace/intellizone/code-ecosystem/distributed-systems/pkg/teacherportal/handlers.go:95 +0x144
git-server.git-server/code-ecosystem/distributed-systems/pkg/teacherportal.studentsHandler.ServeHTTP({}, {0x102ffba80, 0x140003dc0e0}, 0x140003ba8c0)
	/Users/suriyaprakash.m/workspace/intellizone/code-ecosystem/distributed-systems/pkg/teacherportal/handlers.go:36 +0x158
net/http.(*ServeMux).ServeHTTP(0x14000124e20?, {0x102ffba80, 0x140003dc0e0}, 0x140003ba8c0)
	/Users/suriyaprakash.m/go/pkg/mod/golang.org/toolchain@v0.0.1-go1.24.13.darwin-arm64/src/net/http/server.go:2822 +0x1b4
net/http.serverHandler.ServeHTTP({0x14000111ad0?}, {0x102ffba80?, 0x140003dc0e0?}, 0x6?)
	/Users/suriyaprakash.m/go/pkg/mod/golang.org/toolchain@v0.0.1-go1.24.13.darwin-arm64/src/net/http/server.go:3301 +0xbc
net/http.(*conn).serve(0x14000128c60, {0x102ffbff8, 0x14000110240})
	/Users/suriyaprakash.m/go/pkg/mod/golang.org/toolchain@v0.0.1-go1.24.13.darwin-arm64/src/net/http/server.go:2102 +0x52c
created by net/http.(*Server).Serve in goroutine 7
	/Users/suriyaprakash.m/go/pkg/mod/golang.org/toolchain@v0.0.1-go1.24.13.darwin-arm64/src/net/http/server.go:3454 +0x3d8

2026/04/16 21:09:31 [TeacherPortal] - http: Server closed

2026/04/16 21:10:58 [TeacherPortal] - http: panic serving [::1]:60602: runtime error: invalid memory address or nil pointer dereference
goroutine 5 [running]:
net/http.(*conn).serve.func1()
	/Users/suriyaprakash.m/go/pkg/mod/golang.org/toolchain@v0.0.1-go1.24.13.darwin-arm64/src/net/http/server.go:1947 +0xb0
panic({0x104922780?, 0x104ccc1c0?})
	/Users/suriyaprakash.m/go/pkg/mod/golang.org/toolchain@v0.0.1-go1.24.13.darwin-arm64/src/runtime/panic.go:792 +0x124
html/template.(*Template).escape(0x140001cd9b8?)
	/Users/suriyaprakash.m/go/pkg/mod/golang.org/toolchain@v0.0.1-go1.24.13.darwin-arm64/src/html/template/template.go:97 +0x24
html/template.(*Template).Execute(0x0, {0x10499cb40, 0x1400031e380}, {0x104969280, 0x1400032a3c0})
	/Users/suriyaprakash.m/go/pkg/mod/golang.org/toolchain@v0.0.1-go1.24.13.darwin-arm64/src/html/template/template.go:121 +0x30
git-server.git-server/code-ecosystem/distributed-systems/pkg/teacherportal.studentsHandler.renderStudent({}, {0x10499fa80, 0x1400031e380}, 0x1048c1f20?, 0x1)
	/Users/suriyaprakash.m/workspace/intellizone/code-ecosystem/distributed-systems/pkg/teacherportal/handlers.go:104 +0x268
git-server.git-server/code-ecosystem/distributed-systems/pkg/teacherportal.studentsHandler.ServeHTTP({}, {0x10499fa80, 0x1400031e380}, 0x1400031da40)
	/Users/suriyaprakash.m/workspace/intellizone/code-ecosystem/distributed-systems/pkg/teacherportal/handlers.go:36 +0x158
net/http.(*ServeMux).ServeHTTP(0x14000304d60?, {0x10499fa80, 0x1400031e380}, 0x1400031da40)
	/Users/suriyaprakash.m/go/pkg/mod/golang.org/toolchain@v0.0.1-go1.24.13.darwin-arm64/src/net/http/server.go:2822 +0x1b4
net/http.serverHandler.ServeHTTP({0x140002862a0?}, {0x10499fa80?, 0x1400031e380?}, 0x6?)
	/Users/suriyaprakash.m/go/pkg/mod/golang.org/toolchain@v0.0.1-go1.24.13.darwin-arm64/src/net/http/server.go:3301 +0xbc
net/http.(*conn).serve(0x1400028a120, {0x10499fff8, 0x1400018a240})
	/Users/suriyaprakash.m/go/pkg/mod/golang.org/toolchain@v0.0.1-go1.24.13.darwin-arm64/src/net/http/server.go:2102 +0x52c
created by net/http.(*Server).Serve in goroutine 21
	/Users/suriyaprakash.m/go/pkg/mod/golang.org/toolchain@v0.0.1-go1.24.13.darwin-arm64/src/net/http/server.go:3454 +0x3d8

2026/04/16 21:10:58 [TeacherPortal] - http: panic serving [::1]:60708: runtime error: invalid memory address or nil pointer dereference
goroutine 38 [running]:
net/http.(*conn).serve.func1()
	/Users/suriyaprakash.m/go/pkg/mod/golang.org/toolchain@v0.0.1-go1.24.13.darwin-arm64/src/net/http/server.go:1947 +0xb0
panic({0x104922780?, 0x104ccc1c0?})
	/Users/suriyaprakash.m/go/pkg/mod/golang.org/toolchain@v0.0.1-go1.24.13.darwin-arm64/src/runtime/panic.go:792 +0x124
html/template.(*Template).escape(0x1400011f9b8?)
	/Users/suriyaprakash.m/go/pkg/mod/golang.org/toolchain@v0.0.1-go1.24.13.darwin-arm64/src/html/template/template.go:97 +0x24
html/template.(*Template).Execute(0x0, {0x10499cb40, 0x140001be1c0}, {0x104969280, 0x14000290240})
	/Users/suriyaprakash.m/go/pkg/mod/golang.org/toolchain@v0.0.1-go1.24.13.darwin-arm64/src/html/template/template.go:121 +0x30
git-server.git-server/code-ecosystem/distributed-systems/pkg/teacherportal.studentsHandler.renderStudent({}, {0x10499fa80, 0x140001be1c0}, 0x1048c1f20?, 0x1)
	/Users/suriyaprakash.m/workspace/intellizone/code-ecosystem/distributed-systems/pkg/teacherportal/handlers.go:104 +0x268
git-server.git-server/code-ecosystem/distributed-systems/pkg/teacherportal.studentsHandler.ServeHTTP({}, {0x10499fa80, 0x140001be1c0}, 0x140001b2780)
	/Users/suriyaprakash.m/workspace/intellizone/code-ecosystem/distributed-systems/pkg/teacherportal/handlers.go:36 +0x158
net/http.(*ServeMux).ServeHTTP(0x1400019e1a0?, {0x10499fa80, 0x140001be1c0}, 0x140001b2780)
	/Users/suriyaprakash.m/go/pkg/mod/golang.org/toolchain@v0.0.1-go1.24.13.darwin-arm64/src/net/http/server.go:2822 +0x1b4
net/http.serverHandler.ServeHTTP({0x1400018aab0?}, {0x10499fa80?, 0x140001be1c0?}, 0x6?)
	/Users/suriyaprakash.m/go/pkg/mod/golang.org/toolchain@v0.0.1-go1.24.13.darwin-arm64/src/net/http/server.go:3301 +0xbc
net/http.(*conn).serve(0x140001a23f0, {0x10499fff8, 0x1400018a240})
	/Users/suriyaprakash.m/go/pkg/mod/golang.org/toolchain@v0.0.1-go1.24.13.darwin-arm64/src/net/http/server.go:2102 +0x52c
created by net/http.(*Server).Serve in goroutine 21
	/Users/suriyaprakash.m/go/pkg/mod/golang.org/toolchain@v0.0.1-go1.24.13.darwin-arm64/src/net/http/server.go:3454 +0x3d8

2026/04/16 21:10:59 [TeacherPortal] - http: panic serving [::1]:60709: runtime error: invalid memory address or nil pointer dereference
goroutine 40 [running]:
net/http.(*conn).serve.func1()
	/Users/suriyaprakash.m/go/pkg/mod/golang.org/toolchain@v0.0.1-go1.24.13.darwin-arm64/src/net/http/server.go:1947 +0xb0
panic({0x104922780?, 0x104ccc1c0?})
	/Users/suriyaprakash.m/go/pkg/mod/golang.org/toolchain@v0.0.1-go1.24.13.darwin-arm64/src/runtime/panic.go:792 +0x124
html/template.(*Template).escape(0x1400011f9b8?)
	/Users/suriyaprakash.m/go/pkg/mod/golang.org/toolchain@v0.0.1-go1.24.13.darwin-arm64/src/html/template/template.go:97 +0x24
html/template.(*Template).Execute(0x0, {0x10499cb40, 0x140001be2a0}, {0x104969280, 0x1400032a540})
	/Users/suriyaprakash.m/go/pkg/mod/golang.org/toolchain@v0.0.1-go1.24.13.darwin-arm64/src/html/template/template.go:121 +0x30
git-server.git-server/code-ecosystem/distributed-systems/pkg/teacherportal.studentsHandler.renderStudent({}, {0x10499fa80, 0x140001be2a0}, 0x1048c1f20?, 0x1)
	/Users/suriyaprakash.m/workspace/intellizone/code-ecosystem/distributed-systems/pkg/teacherportal/handlers.go:104 +0x268
git-server.git-server/code-ecosystem/distributed-systems/pkg/teacherportal.studentsHandler.ServeHTTP({}, {0x10499fa80, 0x140001be2a0}, 0x140001b2a00)
	/Users/suriyaprakash.m/workspace/intellizone/code-ecosystem/distributed-systems/pkg/teacherportal/handlers.go:36 +0x158
net/http.(*ServeMux).ServeHTTP(0x1400019e240?, {0x10499fa80, 0x140001be2a0}, 0x140001b2a00)
	/Users/suriyaprakash.m/go/pkg/mod/golang.org/toolchain@v0.0.1-go1.24.13.darwin-arm64/src/net/http/server.go:2822 +0x1b4
net/http.serverHandler.ServeHTTP({0x1400018adb0?}, {0x10499fa80?, 0x140001be2a0?}, 0x6?)
	/Users/suriyaprakash.m/go/pkg/mod/golang.org/toolchain@v0.0.1-go1.24.13.darwin-arm64/src/net/http/server.go:3301 +0xbc
net/http.(*conn).serve(0x140001a2630, {0x10499fff8, 0x1400018a240})
	/Users/suriyaprakash.m/go/pkg/mod/golang.org/toolchain@v0.0.1-go1.24.13.darwin-arm64/src/net/http/server.go:2102 +0x52c
created by net/http.(*Server).Serve in goroutine 21
	/Users/suriyaprakash.m/go/pkg/mod/golang.org/toolchain@v0.0.1-go1.24.13.darwin-arm64/src/net/http/server.go:3454 +0x3d8

2026/04/16 21:11:04 [TeacherPortal] - http: panic serving [::1]:60732: runtime error: invalid memory address or nil pointer dereference
goroutine 62 [running]:
net/http.(*conn).serve.func1()
	/Users/suriyaprakash.m/go/pkg/mod/golang.org/toolchain@v0.0.1-go1.24.13.darwin-arm64/src/net/http/server.go:1947 +0xb0
panic({0x104922780?, 0x104ccc1c0?})
	/Users/suriyaprakash.m/go/pkg/mod/golang.org/toolchain@v0.0.1-go1.24.13.darwin-arm64/src/runtime/panic.go:792 +0x124
html/template.(*Template).escape(0x140003439b8?)
	/Users/suriyaprakash.m/go/pkg/mod/golang.org/toolchain@v0.0.1-go1.24.13.darwin-arm64/src/html/template/template.go:97 +0x24
html/template.(*Template).Execute(0x0, {0x10499cb40, 0x1400031e460}, {0x104969280, 0x14000290340})
	/Users/suriyaprakash.m/go/pkg/mod/golang.org/toolchain@v0.0.1-go1.24.13.darwin-arm64/src/html/template/template.go:121 +0x30
git-server.git-server/code-ecosystem/distributed-systems/pkg/teacherportal.studentsHandler.renderStudent({}, {0x10499fa80, 0x1400031e460}, 0x1048c1f20?, 0x1)
	/Users/suriyaprakash.m/workspace/intellizone/code-ecosystem/distributed-systems/pkg/teacherportal/handlers.go:104 +0x268
git-server.git-server/code-ecosystem/distributed-systems/pkg/teacherportal.studentsHandler.ServeHTTP({}, {0x10499fa80, 0x1400031e460}, 0x1400037e640)
	/Users/suriyaprakash.m/workspace/intellizone/code-ecosystem/distributed-systems/pkg/teacherportal/handlers.go:36 +0x158
net/http.(*ServeMux).ServeHTTP(0x14000304fa0?, {0x10499fa80, 0x1400031e460}, 0x1400037e640)
	/Users/suriyaprakash.m/go/pkg/mod/golang.org/toolchain@v0.0.1-go1.24.13.darwin-arm64/src/net/http/server.go:2822 +0x1b4
net/http.serverHandler.ServeHTTP({0x140003903f0?}, {0x10499fa80?, 0x1400031e460?}, 0x6?)
	/Users/suriyaprakash.m/go/pkg/mod/golang.org/toolchain@v0.0.1-go1.24.13.darwin-arm64/src/net/http/server.go:3301 +0xbc
net/http.(*conn).serve(0x14000300630, {0x10499fff8, 0x1400018a240})
	/Users/suriyaprakash.m/go/pkg/mod/golang.org/toolchain@v0.0.1-go1.24.13.darwin-arm64/src/net/http/server.go:2102 +0x52c
created by net/http.(*Server).Serve in goroutine 21
	/Users/suriyaprakash.m/go/pkg/mod/golang.org/toolchain@v0.0.1-go1.24.13.darwin-arm64/src/net/http/server.go:3454 +0x3d8

2026/04/16 21:11:34 [TeacherPortal] - http: panic serving [::1]:60786: runtime error: invalid memory address or nil pointer dereference
goroutine 64 [running]:
net/http.(*conn).serve.func1()
	/Users/suriyaprakash.m/go/pkg/mod/golang.org/toolchain@v0.0.1-go1.24.13.darwin-arm64/src/net/http/server.go:1947 +0xb0
panic({0x104922780?, 0x104ccc1c0?})
	/Users/suriyaprakash.m/go/pkg/mod/golang.org/toolchain@v0.0.1-go1.24.13.darwin-arm64/src/runtime/panic.go:792 +0x124
html/template.(*Template).escape(0x140003439b8?)
	/Users/suriyaprakash.m/go/pkg/mod/golang.org/toolchain@v0.0.1-go1.24.13.darwin-arm64/src/html/template/template.go:97 +0x24
html/template.(*Template).Execute(0x0, {0x10499cb40, 0x1400031e540}, {0x104969280, 0x14000290440})
	/Users/suriyaprakash.m/go/pkg/mod/golang.org/toolchain@v0.0.1-go1.24.13.darwin-arm64/src/html/template/template.go:121 +0x30
git-server.git-server/code-ecosystem/distributed-systems/pkg/teacherportal.studentsHandler.renderStudent({}, {0x10499fa80, 0x1400031e540}, 0x1048c1f20?, 0x1)
	/Users/suriyaprakash.m/workspace/intellizone/code-ecosystem/distributed-systems/pkg/teacherportal/handlers.go:104 +0x268
git-server.git-server/code-ecosystem/distributed-systems/pkg/teacherportal.studentsHandler.ServeHTTP({}, {0x10499fa80, 0x1400031e540}, 0x1400037e8c0)
	/Users/suriyaprakash.m/workspace/intellizone/code-ecosystem/distributed-systems/pkg/teacherportal/handlers.go:36 +0x158
net/http.(*ServeMux).ServeHTTP(0x14000305040?, {0x10499fa80, 0x1400031e540}, 0x1400037e8c0)
	/Users/suriyaprakash.m/go/pkg/mod/golang.org/toolchain@v0.0.1-go1.24.13.darwin-arm64/src/net/http/server.go:2822 +0x1b4
net/http.serverHandler.ServeHTTP({0x14000390690?}, {0x10499fa80?, 0x1400031e540?}, 0x6?)
	/Users/suriyaprakash.m/go/pkg/mod/golang.org/toolchain@v0.0.1-go1.24.13.darwin-arm64/src/net/http/server.go:3301 +0xbc
net/http.(*conn).serve(0x14000300870, {0x10499fff8, 0x1400018a240})
	/Users/suriyaprakash.m/go/pkg/mod/golang.org/toolchain@v0.0.1-go1.24.13.darwin-arm64/src/net/http/server.go:2102 +0x52c
created by net/http.(*Server).Serve in goroutine 21
	/Users/suriyaprakash.m/go/pkg/mod/golang.org/toolchain@v0.0.1-go1.24.13.darwin-arm64/src/net/http/server.go:3454 +0x3d8

2026/04/16 21:11:48 [TeacherPortal] - http: panic serving [::1]:60789: runtime error: invalid memory address or nil pointer dereference
goroutine 11 [running]:
net/http.(*conn).serve.func1()
	/Users/suriyaprakash.m/go/pkg/mod/golang.org/toolchain@v0.0.1-go1.24.13.darwin-arm64/src/net/http/server.go:1947 +0xb0
panic({0x104922780?, 0x104ccc1c0?})
	/Users/suriyaprakash.m/go/pkg/mod/golang.org/toolchain@v0.0.1-go1.24.13.darwin-arm64/src/runtime/panic.go:792 +0x124
html/template.(*Template).escape(0x140001d19b8?)
	/Users/suriyaprakash.m/go/pkg/mod/golang.org/toolchain@v0.0.1-go1.24.13.darwin-arm64/src/html/template/template.go:97 +0x24
html/template.(*Template).Execute(0x0, {0x10499cb40, 0x140001be380}, {0x104969280, 0x14000290700})
	/Users/suriyaprakash.m/go/pkg/mod/golang.org/toolchain@v0.0.1-go1.24.13.darwin-arm64/src/html/template/template.go:121 +0x30
git-server.git-server/code-ecosystem/distributed-systems/pkg/teacherportal.studentsHandler.renderStudent({}, {0x10499fa80, 0x140001be380}, 0x1048c1f20?, 0x2)
	/Users/suriyaprakash.m/workspace/intellizone/code-ecosystem/distributed-systems/pkg/teacherportal/handlers.go:104 +0x268
git-server.git-server/code-ecosystem/distributed-systems/pkg/teacherportal.studentsHandler.ServeHTTP({}, {0x10499fa80, 0x140001be380}, 0x140001fc140)
	/Users/suriyaprakash.m/workspace/intellizone/code-ecosystem/distributed-systems/pkg/teacherportal/handlers.go:36 +0x158
net/http.(*ServeMux).ServeHTTP(0x1400019ec80?, {0x10499fa80, 0x140001be380}, 0x140001fc140)
	/Users/suriyaprakash.m/go/pkg/mod/golang.org/toolchain@v0.0.1-go1.24.13.darwin-arm64/src/net/http/server.go:2822 +0x1b4
net/http.serverHandler.ServeHTTP({0x14000286ae0?}, {0x10499fa80?, 0x140001be380?}, 0x6?)
	/Users/suriyaprakash.m/go/pkg/mod/golang.org/toolchain@v0.0.1-go1.24.13.darwin-arm64/src/net/http/server.go:3301 +0xbc
net/http.(*conn).serve(0x1400028a630, {0x10499fff8, 0x1400018a240})
	/Users/suriyaprakash.m/go/pkg/mod/golang.org/toolchain@v0.0.1-go1.24.13.darwin-arm64/src/net/http/server.go:2102 +0x52c
created by net/http.(*Server).Serve in goroutine 21
	/Users/suriyaprakash.m/go/pkg/mod/golang.org/toolchain@v0.0.1-go1.24.13.darwin-arm64/src/net/http/server.go:3454 +0x3d8

2026/04/16 21:11:48 [TeacherPortal] - http: panic serving [::1]:60839: runtime error: invalid memory address or nil pointer dereference
goroutine 81 [running]:
net/http.(*conn).serve.func1()
	/Users/suriyaprakash.m/go/pkg/mod/golang.org/toolchain@v0.0.1-go1.24.13.darwin-arm64/src/net/http/server.go:1947 +0xb0
panic({0x104922780?, 0x104ccc1c0?})
	/Users/suriyaprakash.m/go/pkg/mod/golang.org/toolchain@v0.0.1-go1.24.13.darwin-arm64/src/runtime/panic.go:792 +0x124
html/template.(*Template).escape(0x140003419b8?)
	/Users/suriyaprakash.m/go/pkg/mod/golang.org/toolchain@v0.0.1-go1.24.13.darwin-arm64/src/html/template/template.go:97 +0x24
html/template.(*Template).Execute(0x0, {0x10499cb40, 0x140002949a0}, {0x104969280, 0x1400032a8c0})
	/Users/suriyaprakash.m/go/pkg/mod/golang.org/toolchain@v0.0.1-go1.24.13.darwin-arm64/src/html/template/template.go:121 +0x30
git-server.git-server/code-ecosystem/distributed-systems/pkg/teacherportal.studentsHandler.renderStudent({}, {0x10499fa80, 0x140002949a0}, 0x1048c1f20?, 0x2)
	/Users/suriyaprakash.m/workspace/intellizone/code-ecosystem/distributed-systems/pkg/teacherportal/handlers.go:104 +0x268
git-server.git-server/code-ecosystem/distributed-systems/pkg/teacherportal.studentsHandler.ServeHTTP({}, {0x10499fa80, 0x140002949a0}, 0x140002f9680)
	/Users/suriyaprakash.m/workspace/intellizone/code-ecosystem/distributed-systems/pkg/teacherportal/handlers.go:36 +0x158
net/http.(*ServeMux).ServeHTTP(0x14000282f20?, {0x10499fa80, 0x140002949a0}, 0x140002f9680)
	/Users/suriyaprakash.m/go/pkg/mod/golang.org/toolchain@v0.0.1-go1.24.13.darwin-arm64/src/net/http/server.go:2822 +0x1b4
net/http.serverHandler.ServeHTTP({0x14000287c50?}, {0x10499fa80?, 0x140002949a0?}, 0x6?)
	/Users/suriyaprakash.m/go/pkg/mod/golang.org/toolchain@v0.0.1-go1.24.13.darwin-arm64/src/net/http/server.go:3301 +0xbc
net/http.(*conn).serve(0x1400028ae10, {0x10499fff8, 0x1400018a240})
	/Users/suriyaprakash.m/go/pkg/mod/golang.org/toolchain@v0.0.1-go1.24.13.darwin-arm64/src/net/http/server.go:2102 +0x52c
created by net/http.(*Server).Serve in goroutine 21
	/Users/suriyaprakash.m/go/pkg/mod/golang.org/toolchain@v0.0.1-go1.24.13.darwin-arm64/src/net/http/server.go:3454 +0x3d8

2026/04/16 21:11:49 [TeacherPortal] - http: panic serving [::1]:60844: runtime error: invalid memory address or nil pointer dereference
goroutine 83 [running]:
net/http.(*conn).serve.func1()
	/Users/suriyaprakash.m/go/pkg/mod/golang.org/toolchain@v0.0.1-go1.24.13.darwin-arm64/src/net/http/server.go:1947 +0xb0
panic({0x104922780?, 0x104ccc1c0?})
	/Users/suriyaprakash.m/go/pkg/mod/golang.org/toolchain@v0.0.1-go1.24.13.darwin-arm64/src/runtime/panic.go:792 +0x124
html/template.(*Template).escape(0x140003419b8?)
	/Users/suriyaprakash.m/go/pkg/mod/golang.org/toolchain@v0.0.1-go1.24.13.darwin-arm64/src/html/template/template.go:97 +0x24
html/template.(*Template).Execute(0x0, {0x10499cb40, 0x14000294a80}, {0x104969280, 0x14000196500})
	/Users/suriyaprakash.m/go/pkg/mod/golang.org/toolchain@v0.0.1-go1.24.13.darwin-arm64/src/html/template/template.go:121 +0x30
git-server.git-server/code-ecosystem/distributed-systems/pkg/teacherportal.studentsHandler.renderStudent({}, {0x10499fa80, 0x14000294a80}, 0x1048c1f20?, 0x2)
	/Users/suriyaprakash.m/workspace/intellizone/code-ecosystem/distributed-systems/pkg/teacherportal/handlers.go:104 +0x268
git-server.git-server/code-ecosystem/distributed-systems/pkg/teacherportal.studentsHandler.ServeHTTP({}, {0x10499fa80, 0x14000294a80}, 0x140002f9900)
	/Users/suriyaprakash.m/workspace/intellizone/code-ecosystem/distributed-systems/pkg/teacherportal/handlers.go:36 +0x158
net/http.(*ServeMux).ServeHTTP(0x14000282fc0?, {0x10499fa80, 0x14000294a80}, 0x140002f9900)
	/Users/suriyaprakash.m/go/pkg/mod/golang.org/toolchain@v0.0.1-go1.24.13.darwin-arm64/src/net/http/server.go:2822 +0x1b4
net/http.serverHandler.ServeHTTP({0x14000287ef0?}, {0x10499fa80?, 0x14000294a80?}, 0x6?)
	/Users/suriyaprakash.m/go/pkg/mod/golang.org/toolchain@v0.0.1-go1.24.13.darwin-arm64/src/net/http/server.go:3301 +0xbc
net/http.(*conn).serve(0x1400028b050, {0x10499fff8, 0x1400018a240})
	/Users/suriyaprakash.m/go/pkg/mod/golang.org/toolchain@v0.0.1-go1.24.13.darwin-arm64/src/net/http/server.go:2102 +0x52c
created by net/http.(*Server).Serve in goroutine 21
	/Users/suriyaprakash.m/go/pkg/mod/golang.org/toolchain@v0.0.1-go1.24.13.darwin-arm64/src/net/http/server.go:3454 +0x3d8

2026/04/16 21:11:54 [TeacherPortal] - http: panic serving [::1]:60883: runtime error: invalid memory address or nil pointer dereference
goroutine 85 [running]:
net/http.(*conn).serve.func1()
	/Users/suriyaprakash.m/go/pkg/mod/golang.org/toolchain@v0.0.1-go1.24.13.darwin-arm64/src/net/http/server.go:1947 +0xb0
panic({0x104922780?, 0x104ccc1c0?})
	/Users/suriyaprakash.m/go/pkg/mod/golang.org/toolchain@v0.0.1-go1.24.13.darwin-arm64/src/runtime/panic.go:792 +0x124
html/template.(*Template).escape(0x1400011f9b8?)
	/Users/suriyaprakash.m/go/pkg/mod/golang.org/toolchain@v0.0.1-go1.24.13.darwin-arm64/src/html/template/template.go:97 +0x24
html/template.(*Template).Execute(0x0, {0x10499cb40, 0x140001be460}, {0x104969280, 0x14000290900})
	/Users/suriyaprakash.m/go/pkg/mod/golang.org/toolchain@v0.0.1-go1.24.13.darwin-arm64/src/html/template/template.go:121 +0x30
git-server.git-server/code-ecosystem/distributed-systems/pkg/teacherportal.studentsHandler.renderStudent({}, {0x10499fa80, 0x140001be460}, 0x1048c1f20?, 0x2)
	/Users/suriyaprakash.m/workspace/intellizone/code-ecosystem/distributed-systems/pkg/teacherportal/handlers.go:104 +0x268
git-server.git-server/code-ecosystem/distributed-systems/pkg/teacherportal.studentsHandler.ServeHTTP({}, {0x10499fa80, 0x140001be460}, 0x140002f9b80)
	/Users/suriyaprakash.m/workspace/intellizone/code-ecosystem/distributed-systems/pkg/teacherportal/handlers.go:36 +0x158
net/http.(*ServeMux).ServeHTTP(0x1400019eda0?, {0x10499fa80, 0x140001be460}, 0x140002f9b80)
	/Users/suriyaprakash.m/go/pkg/mod/golang.org/toolchain@v0.0.1-go1.24.13.darwin-arm64/src/net/http/server.go:2822 +0x1b4
net/http.serverHandler.ServeHTTP({0x1400041c240?}, {0x10499fa80?, 0x140001be460?}, 0x6?)
	/Users/suriyaprakash.m/go/pkg/mod/golang.org/toolchain@v0.0.1-go1.24.13.darwin-arm64/src/net/http/server.go:3301 +0xbc
net/http.(*conn).serve(0x1400028b290, {0x10499fff8, 0x1400018a240})
	/Users/suriyaprakash.m/go/pkg/mod/golang.org/toolchain@v0.0.1-go1.24.13.darwin-arm64/src/net/http/server.go:2102 +0x52c
created by net/http.(*Server).Serve in goroutine 21
	/Users/suriyaprakash.m/go/pkg/mod/golang.org/toolchain@v0.0.1-go1.24.13.darwin-arm64/src/net/http/server.go:3454 +0x3d8

2026/04/16 21:16:20 [TeacherPortal] - http: Server closed

2026/04/16 21:16:37 [TeacherPortal] - Printing this id: %d and type: %T 1 1

2026/04/16 21:16:37 [TeacherPortal] - http: panic serving [::1]:62576: runtime error: invalid memory address or nil pointer dereference
goroutine 2 [running]:
net/http.(*conn).serve.func1()
	/Users/suriyaprakash.m/go/pkg/mod/golang.org/toolchain@v0.0.1-go1.24.13.darwin-arm64/src/net/http/server.go:1947 +0xb0
panic({0x104e82780?, 0x10522c1c0?})
	/Users/suriyaprakash.m/go/pkg/mod/golang.org/toolchain@v0.0.1-go1.24.13.darwin-arm64/src/runtime/panic.go:792 +0x124
html/template.(*Template).escape(0x14000263958?)
	/Users/suriyaprakash.m/go/pkg/mod/golang.org/toolchain@v0.0.1-go1.24.13.darwin-arm64/src/html/template/template.go:97 +0x24
html/template.(*Template).Execute(0x0, {0x104efcb40, 0x14000194380}, {0x104ec9280, 0x14000190580})
	/Users/suriyaprakash.m/go/pkg/mod/golang.org/toolchain@v0.0.1-go1.24.13.darwin-arm64/src/html/template/template.go:121 +0x30
git-server.git-server/code-ecosystem/distributed-systems/pkg/teacherportal.studentsHandler.renderStudent({}, {0x104effa80, 0x14000194380}, 0x2?, 0x1)
	/Users/suriyaprakash.m/workspace/intellizone/code-ecosystem/distributed-systems/pkg/teacherportal/handlers.go:105 +0x268
git-server.git-server/code-ecosystem/distributed-systems/pkg/teacherportal.studentsHandler.ServeHTTP({}, {0x104effa80, 0x14000194380}, 0x14000193a40)
	/Users/suriyaprakash.m/workspace/intellizone/code-ecosystem/distributed-systems/pkg/teacherportal/handlers.go:37 +0x1ec
net/http.(*ServeMux).ServeHTTP(0x14000184da0?, {0x104effa80, 0x14000194380}, 0x14000193a40)
	/Users/suriyaprakash.m/go/pkg/mod/golang.org/toolchain@v0.0.1-go1.24.13.darwin-arm64/src/net/http/server.go:2822 +0x1b4
net/http.serverHandler.ServeHTTP({0x140001860c0?}, {0x104effa80?, 0x14000194380?}, 0x6?)
	/Users/suriyaprakash.m/go/pkg/mod/golang.org/toolchain@v0.0.1-go1.24.13.darwin-arm64/src/net/http/server.go:3301 +0xbc
net/http.(*conn).serve(0x1400018a000, {0x104effff8, 0x14000288240})
	/Users/suriyaprakash.m/go/pkg/mod/golang.org/toolchain@v0.0.1-go1.24.13.darwin-arm64/src/net/http/server.go:2102 +0x52c
created by net/http.(*Server).Serve in goroutine 22
	/Users/suriyaprakash.m/go/pkg/mod/golang.org/toolchain@v0.0.1-go1.24.13.darwin-arm64/src/net/http/server.go:3454 +0x3d8

2026/04/16 21:16:37 [TeacherPortal] - Printing this id: %d and type: %T 1 1

2026/04/16 21:16:37 [TeacherPortal] - http: panic serving [::1]:62588: runtime error: invalid memory address or nil pointer dereference
goroutine 53 [running]:
net/http.(*conn).serve.func1()
	/Users/suriyaprakash.m/go/pkg/mod/golang.org/toolchain@v0.0.1-go1.24.13.darwin-arm64/src/net/http/server.go:1947 +0xb0
panic({0x104e82780?, 0x10522c1c0?})
	/Users/suriyaprakash.m/go/pkg/mod/golang.org/toolchain@v0.0.1-go1.24.13.darwin-arm64/src/runtime/panic.go:792 +0x124
html/template.(*Template).escape(0x1400011b958?)
	/Users/suriyaprakash.m/go/pkg/mod/golang.org/toolchain@v0.0.1-go1.24.13.darwin-arm64/src/html/template/template.go:97 +0x24
html/template.(*Template).Execute(0x0, {0x104efcb40, 0x140002c6000}, {0x104ec9280, 0x14000294200})
	/Users/suriyaprakash.m/go/pkg/mod/golang.org/toolchain@v0.0.1-go1.24.13.darwin-arm64/src/html/template/template.go:121 +0x30
git-server.git-server/code-ecosystem/distributed-systems/pkg/teacherportal.studentsHandler.renderStudent({}, {0x104effa80, 0x140002c6000}, 0x2?, 0x1)
	/Users/suriyaprakash.m/workspace/intellizone/code-ecosystem/distributed-systems/pkg/teacherportal/handlers.go:105 +0x268
git-server.git-server/code-ecosystem/distributed-systems/pkg/teacherportal.studentsHandler.ServeHTTP({}, {0x104effa80, 0x140002c6000}, 0x140002b4140)
	/Users/suriyaprakash.m/workspace/intellizone/code-ecosystem/distributed-systems/pkg/teacherportal/handlers.go:37 +0x1ec
net/http.(*ServeMux).ServeHTTP(0x1400029c100?, {0x104effa80, 0x140002c6000}, 0x140002b4140)
	/Users/suriyaprakash.m/go/pkg/mod/golang.org/toolchain@v0.0.1-go1.24.13.darwin-arm64/src/net/http/server.go:2822 +0x1b4
net/http.serverHandler.ServeHTTP({0x140002886f0?}, {0x104effa80?, 0x140002c6000?}, 0x6?)
	/Users/suriyaprakash.m/go/pkg/mod/golang.org/toolchain@v0.0.1-go1.24.13.darwin-arm64/src/net/http/server.go:3301 +0xbc
net/http.(*conn).serve(0x140002a0360, {0x104effff8, 0x14000288240})
	/Users/suriyaprakash.m/go/pkg/mod/golang.org/toolchain@v0.0.1-go1.24.13.darwin-arm64/src/net/http/server.go:2102 +0x52c
created by net/http.(*Server).Serve in goroutine 22
	/Users/suriyaprakash.m/go/pkg/mod/golang.org/toolchain@v0.0.1-go1.24.13.darwin-arm64/src/net/http/server.go:3454 +0x3d8

2026/04/16 21:16:38 [TeacherPortal] - Printing this id: %d and type: %T 1 1

2026/04/16 21:16:38 [TeacherPortal] - http: panic serving [::1]:62594: runtime error: invalid memory address or nil pointer dereference
goroutine 31 [running]:
net/http.(*conn).serve.func1()
	/Users/suriyaprakash.m/go/pkg/mod/golang.org/toolchain@v0.0.1-go1.24.13.darwin-arm64/src/net/http/server.go:1947 +0xb0
panic({0x104e82780?, 0x10522c1c0?})
	/Users/suriyaprakash.m/go/pkg/mod/golang.org/toolchain@v0.0.1-go1.24.13.darwin-arm64/src/runtime/panic.go:792 +0x124
html/template.(*Template).escape(0x1400011b958?)
	/Users/suriyaprakash.m/go/pkg/mod/golang.org/toolchain@v0.0.1-go1.24.13.darwin-arm64/src/html/template/template.go:97 +0x24
html/template.(*Template).Execute(0x0, {0x104efcb40, 0x1400025a0e0}, {0x104ec9280, 0x140000c8c00})
	/Users/suriyaprakash.m/go/pkg/mod/golang.org/toolchain@v0.0.1-go1.24.13.darwin-arm64/src/html/template/template.go:121 +0x30
git-server.git-server/code-ecosystem/distributed-systems/pkg/teacherportal.studentsHandler.renderStudent({}, {0x104effa80, 0x1400025a0e0}, 0x2?, 0x1)
	/Users/suriyaprakash.m/workspace/intellizone/code-ecosystem/distributed-systems/pkg/teacherportal/handlers.go:105 +0x268
git-server.git-server/code-ecosystem/distributed-systems/pkg/teacherportal.studentsHandler.ServeHTTP({}, {0x104effa80, 0x1400025a0e0}, 0x140001237c0)
	/Users/suriyaprakash.m/workspace/intellizone/code-ecosystem/distributed-systems/pkg/teacherportal/handlers.go:37 +0x1ec
net/http.(*ServeMux).ServeHTTP(0x140000aaa00?, {0x104effa80, 0x1400025a0e0}, 0x140001237c0)
	/Users/suriyaprakash.m/go/pkg/mod/golang.org/toolchain@v0.0.1-go1.24.13.darwin-arm64/src/net/http/server.go:2822 +0x1b4
net/http.serverHandler.ServeHTTP({0x1400023f2c0?}, {0x104effa80?, 0x1400025a0e0?}, 0x6?)
	/Users/suriyaprakash.m/go/pkg/mod/golang.org/toolchain@v0.0.1-go1.24.13.darwin-arm64/src/net/http/server.go:3301 +0xbc
net/http.(*conn).serve(0x14000234fc0, {0x104effff8, 0x14000288240})
	/Users/suriyaprakash.m/go/pkg/mod/golang.org/toolchain@v0.0.1-go1.24.13.darwin-arm64/src/net/http/server.go:2102 +0x52c
created by net/http.(*Server).Serve in goroutine 22
	/Users/suriyaprakash.m/go/pkg/mod/golang.org/toolchain@v0.0.1-go1.24.13.darwin-arm64/src/net/http/server.go:3454 +0x3d8

2026/04/16 21:16:43 [TeacherPortal] - Printing this id: %d and type: %T 1 1

2026/04/16 21:16:43 [TeacherPortal] - http: panic serving [::1]:62607: runtime error: invalid memory address or nil pointer dereference
goroutine 16 [running]:
net/http.(*conn).serve.func1()
	/Users/suriyaprakash.m/go/pkg/mod/golang.org/toolchain@v0.0.1-go1.24.13.darwin-arm64/src/net/http/server.go:1947 +0xb0
panic({0x104e82780?, 0x10522c1c0?})
	/Users/suriyaprakash.m/go/pkg/mod/golang.org/toolchain@v0.0.1-go1.24.13.darwin-arm64/src/runtime/panic.go:792 +0x124
html/template.(*Template).escape(0x1400011b958?)
	/Users/suriyaprakash.m/go/pkg/mod/golang.org/toolchain@v0.0.1-go1.24.13.darwin-arm64/src/html/template/template.go:97 +0x24
html/template.(*Template).Execute(0x0, {0x104efcb40, 0x14000194460}, {0x104ec9280, 0x14000190700})
	/Users/suriyaprakash.m/go/pkg/mod/golang.org/toolchain@v0.0.1-go1.24.13.darwin-arm64/src/html/template/template.go:121 +0x30
git-server.git-server/code-ecosystem/distributed-systems/pkg/teacherportal.studentsHandler.renderStudent({}, {0x104effa80, 0x14000194460}, 0x2?, 0x1)
	/Users/suriyaprakash.m/workspace/intellizone/code-ecosystem/distributed-systems/pkg/teacherportal/handlers.go:105 +0x268
git-server.git-server/code-ecosystem/distributed-systems/pkg/teacherportal.studentsHandler.ServeHTTP({}, {0x104effa80, 0x14000194460}, 0x140001dc500)
	/Users/suriyaprakash.m/workspace/intellizone/code-ecosystem/distributed-systems/pkg/teacherportal/handlers.go:37 +0x1ec
net/http.(*ServeMux).ServeHTTP(0x14000185000?, {0x104effa80, 0x14000194460}, 0x140001dc500)
	/Users/suriyaprakash.m/go/pkg/mod/golang.org/toolchain@v0.0.1-go1.24.13.darwin-arm64/src/net/http/server.go:2822 +0x1b4
net/http.serverHandler.ServeHTTP({0x140001d2450?}, {0x104effa80?, 0x14000194460?}, 0x6?)
	/Users/suriyaprakash.m/go/pkg/mod/golang.org/toolchain@v0.0.1-go1.24.13.darwin-arm64/src/net/http/server.go:3301 +0xbc
net/http.(*conn).serve(0x1400018a750, {0x104effff8, 0x14000288240})
	/Users/suriyaprakash.m/go/pkg/mod/golang.org/toolchain@v0.0.1-go1.24.13.darwin-arm64/src/net/http/server.go:2102 +0x52c
created by net/http.(*Server).Serve in goroutine 22
	/Users/suriyaprakash.m/go/pkg/mod/golang.org/toolchain@v0.0.1-go1.24.13.darwin-arm64/src/net/http/server.go:3454 +0x3d8

2026/04/16 21:17:13 [TeacherPortal] - Printing this id: %d and type: %T 1 1

2026/04/16 21:17:13 [TeacherPortal] - http: panic serving [::1]:62669: runtime error: invalid memory address or nil pointer dereference
goroutine 55 [running]:
net/http.(*conn).serve.func1()
	/Users/suriyaprakash.m/go/pkg/mod/golang.org/toolchain@v0.0.1-go1.24.13.darwin-arm64/src/net/http/server.go:1947 +0xb0
panic({0x104e82780?, 0x10522c1c0?})
	/Users/suriyaprakash.m/go/pkg/mod/golang.org/toolchain@v0.0.1-go1.24.13.darwin-arm64/src/runtime/panic.go:792 +0x124
html/template.(*Template).escape(0x1400011b958?)
	/Users/suriyaprakash.m/go/pkg/mod/golang.org/toolchain@v0.0.1-go1.24.13.darwin-arm64/src/html/template/template.go:97 +0x24
html/template.(*Template).Execute(0x0, {0x104efcb40, 0x140002c60e0}, {0x104ec9280, 0x14000294380})
	/Users/suriyaprakash.m/go/pkg/mod/golang.org/toolchain@v0.0.1-go1.24.13.darwin-arm64/src/html/template/template.go:121 +0x30
git-server.git-server/code-ecosystem/distributed-systems/pkg/teacherportal.studentsHandler.renderStudent({}, {0x104effa80, 0x140002c60e0}, 0x2?, 0x1)
	/Users/suriyaprakash.m/workspace/intellizone/code-ecosystem/distributed-systems/pkg/teacherportal/handlers.go:105 +0x268
git-server.git-server/code-ecosystem/distributed-systems/pkg/teacherportal.studentsHandler.ServeHTTP({}, {0x104effa80, 0x140002c60e0}, 0x140002b4b40)
	/Users/suriyaprakash.m/workspace/intellizone/code-ecosystem/distributed-systems/pkg/teacherportal/handlers.go:37 +0x1ec
net/http.(*ServeMux).ServeHTTP(0x1400029c2c0?, {0x104effa80, 0x140002c60e0}, 0x140002b4b40)
	/Users/suriyaprakash.m/go/pkg/mod/golang.org/toolchain@v0.0.1-go1.24.13.darwin-arm64/src/net/http/server.go:2822 +0x1b4
net/http.serverHandler.ServeHTTP({0x14000288cf0?}, {0x104effa80?, 0x140002c60e0?}, 0x6?)
	/Users/suriyaprakash.m/go/pkg/mod/golang.org/toolchain@v0.0.1-go1.24.13.darwin-arm64/src/net/http/server.go:3301 +0xbc
net/http.(*conn).serve(0x140002a07e0, {0x104effff8, 0x14000288240})
	/Users/suriyaprakash.m/go/pkg/mod/golang.org/toolchain@v0.0.1-go1.24.13.darwin-arm64/src/net/http/server.go:2102 +0x52c
created by net/http.(*Server).Serve in goroutine 22
	/Users/suriyaprakash.m/go/pkg/mod/golang.org/toolchain@v0.0.1-go1.24.13.darwin-arm64/src/net/http/server.go:3454 +0x3d8

2026/04/16 21:17:17 [TeacherPortal] - http: Server closed

2026/04/16 21:17:20 [TeacherPortal] - Printing this id: 1 and type: int

2026/04/16 21:17:20 [TeacherPortal] - http: panic serving [::1]:62682: runtime error: invalid memory address or nil pointer dereference
goroutine 20 [running]:
net/http.(*conn).serve.func1()
	/Users/suriyaprakash.m/go/pkg/mod/golang.org/toolchain@v0.0.1-go1.24.13.darwin-arm64/src/net/http/server.go:1947 +0xb0
panic({0x10114a780?, 0x1014f41c0?})
	/Users/suriyaprakash.m/go/pkg/mod/golang.org/toolchain@v0.0.1-go1.24.13.darwin-arm64/src/runtime/panic.go:792 +0x124
html/template.(*Template).escape(0x14000221958?)
	/Users/suriyaprakash.m/go/pkg/mod/golang.org/toolchain@v0.0.1-go1.24.13.darwin-arm64/src/html/template/template.go:97 +0x24
html/template.(*Template).Execute(0x0, {0x1011c4b40, 0x140000d6000}, {0x101191280, 0x140000c2300})
	/Users/suriyaprakash.m/go/pkg/mod/golang.org/toolchain@v0.0.1-go1.24.13.darwin-arm64/src/html/template/template.go:121 +0x30
git-server.git-server/code-ecosystem/distributed-systems/pkg/teacherportal.studentsHandler.renderStudent({}, {0x1011c7a80, 0x140000d6000}, 0x2?, 0x1)
	/Users/suriyaprakash.m/workspace/intellizone/code-ecosystem/distributed-systems/pkg/teacherportal/handlers.go:105 +0x268
git-server.git-server/code-ecosystem/distributed-systems/pkg/teacherportal.studentsHandler.ServeHTTP({}, {0x1011c7a80, 0x140000d6000}, 0x140000c4000)
	/Users/suriyaprakash.m/workspace/intellizone/code-ecosystem/distributed-systems/pkg/teacherportal/handlers.go:37 +0x1e8
net/http.(*ServeMux).ServeHTTP(0x140000aa060?, {0x1011c7a80, 0x140000d6000}, 0x140000c4000)
	/Users/suriyaprakash.m/go/pkg/mod/golang.org/toolchain@v0.0.1-go1.24.13.darwin-arm64/src/net/http/server.go:2822 +0x1b4
net/http.serverHandler.ServeHTTP({0x140000b40c0?}, {0x1011c7a80?, 0x140000d6000?}, 0x6?)
	/Users/suriyaprakash.m/go/pkg/mod/golang.org/toolchain@v0.0.1-go1.24.13.darwin-arm64/src/net/http/server.go:3301 +0xbc
net/http.(*conn).serve(0x140000bc000, {0x1011c7ff8, 0x14000288240})
	/Users/suriyaprakash.m/go/pkg/mod/golang.org/toolchain@v0.0.1-go1.24.13.darwin-arm64/src/net/http/server.go:2102 +0x52c
created by net/http.(*Server).Serve in goroutine 4
	/Users/suriyaprakash.m/go/pkg/mod/golang.org/toolchain@v0.0.1-go1.24.13.darwin-arm64/src/net/http/server.go:3454 +0x3d8

2026/04/16 21:17:29 [TeacherPortal] - Printing this id: 1 and type: int

2026/04/16 21:17:29 [TeacherPortal] - http: panic serving [::1]:62696: runtime error: invalid memory address or nil pointer dereference
goroutine 53 [running]:
net/http.(*conn).serve.func1()
	/Users/suriyaprakash.m/go/pkg/mod/golang.org/toolchain@v0.0.1-go1.24.13.darwin-arm64/src/net/http/server.go:1947 +0xb0
panic({0x10114a780?, 0x1014f41c0?})
	/Users/suriyaprakash.m/go/pkg/mod/golang.org/toolchain@v0.0.1-go1.24.13.darwin-arm64/src/runtime/panic.go:792 +0x124
html/template.(*Template).escape(0x140003ab958?)
	/Users/suriyaprakash.m/go/pkg/mod/golang.org/toolchain@v0.0.1-go1.24.13.darwin-arm64/src/html/template/template.go:97 +0x24
html/template.(*Template).Execute(0x0, {0x1011c4b40, 0x140002160e0}, {0x101191280, 0x14000112bc0})
	/Users/suriyaprakash.m/go/pkg/mod/golang.org/toolchain@v0.0.1-go1.24.13.darwin-arm64/src/html/template/template.go:121 +0x30
git-server.git-server/code-ecosystem/distributed-systems/pkg/teacherportal.studentsHandler.renderStudent({}, {0x1011c7a80, 0x140002160e0}, 0x2?, 0x1)
	/Users/suriyaprakash.m/workspace/intellizone/code-ecosystem/distributed-systems/pkg/teacherportal/handlers.go:105 +0x268
git-server.git-server/code-ecosystem/distributed-systems/pkg/teacherportal.studentsHandler.ServeHTTP({}, {0x1011c7a80, 0x140002160e0}, 0x1400015f680)
	/Users/suriyaprakash.m/workspace/intellizone/code-ecosystem/distributed-systems/pkg/teacherportal/handlers.go:37 +0x1e8
net/http.(*ServeMux).ServeHTTP(0x1400010a960?, {0x1011c7a80, 0x140002160e0}, 0x1400015f680)
	/Users/suriyaprakash.m/go/pkg/mod/golang.org/toolchain@v0.0.1-go1.24.13.darwin-arm64/src/net/http/server.go:2822 +0x1b4
net/http.serverHandler.ServeHTTP({0x140002884b0?}, {0x1011c7a80?, 0x140002160e0?}, 0x6?)
	/Users/suriyaprakash.m/go/pkg/mod/golang.org/toolchain@v0.0.1-go1.24.13.darwin-arm64/src/net/http/server.go:3301 +0xbc
net/http.(*conn).serve(0x140002a0120, {0x1011c7ff8, 0x14000288240})
	/Users/suriyaprakash.m/go/pkg/mod/golang.org/toolchain@v0.0.1-go1.24.13.darwin-arm64/src/net/http/server.go:2102 +0x52c
created by net/http.(*Server).Serve in goroutine 4
	/Users/suriyaprakash.m/go/pkg/mod/golang.org/toolchain@v0.0.1-go1.24.13.darwin-arm64/src/net/http/server.go:3454 +0x3d8

2026/04/16 21:17:29 [TeacherPortal] - Printing this id: 1 and type: int

2026/04/16 21:17:29 [TeacherPortal] - http: panic serving [::1]:62697: runtime error: invalid memory address or nil pointer dereference
goroutine 65 [running]:
net/http.(*conn).serve.func1()
	/Users/suriyaprakash.m/go/pkg/mod/golang.org/toolchain@v0.0.1-go1.24.13.darwin-arm64/src/net/http/server.go:1947 +0xb0
panic({0x10114a780?, 0x1014f41c0?})
	/Users/suriyaprakash.m/go/pkg/mod/golang.org/toolchain@v0.0.1-go1.24.13.darwin-arm64/src/runtime/panic.go:792 +0x124
html/template.(*Template).escape(0x1400015d958?)
	/Users/suriyaprakash.m/go/pkg/mod/golang.org/toolchain@v0.0.1-go1.24.13.darwin-arm64/src/html/template/template.go:97 +0x24
html/template.(*Template).Execute(0x0, {0x1011c4b40, 0x140002161c0}, {0x101191280, 0x140000c2640})
	/Users/suriyaprakash.m/go/pkg/mod/golang.org/toolchain@v0.0.1-go1.24.13.darwin-arm64/src/html/template/template.go:121 +0x30
git-server.git-server/code-ecosystem/distributed-systems/pkg/teacherportal.studentsHandler.renderStudent({}, {0x1011c7a80, 0x140002161c0}, 0x2?, 0x1)
	/Users/suriyaprakash.m/workspace/intellizone/code-ecosystem/distributed-systems/pkg/teacherportal/handlers.go:105 +0x268
git-server.git-server/code-ecosystem/distributed-systems/pkg/teacherportal.studentsHandler.ServeHTTP({}, {0x1011c7a80, 0x140002161c0}, 0x14000246000)
	/Users/suriyaprakash.m/workspace/intellizone/code-ecosystem/distributed-systems/pkg/teacherportal/handlers.go:37 +0x1e8
net/http.(*ServeMux).ServeHTTP(0x1400010aa80?, {0x1011c7a80, 0x140002161c0}, 0x14000246000)
	/Users/suriyaprakash.m/go/pkg/mod/golang.org/toolchain@v0.0.1-go1.24.13.darwin-arm64/src/net/http/server.go:2822 +0x1b4
net/http.serverHandler.ServeHTTP({0x140001fb500?}, {0x1011c7a80?, 0x140002161c0?}, 0x6?)
	/Users/suriyaprakash.m/go/pkg/mod/golang.org/toolchain@v0.0.1-go1.24.13.darwin-arm64/src/net/http/server.go:3301 +0xbc
net/http.(*conn).serve(0x140000bc6c0, {0x1011c7ff8, 0x14000288240})
	/Users/suriyaprakash.m/go/pkg/mod/golang.org/toolchain@v0.0.1-go1.24.13.darwin-arm64/src/net/http/server.go:2102 +0x52c
created by net/http.(*Server).Serve in goroutine 4
	/Users/suriyaprakash.m/go/pkg/mod/golang.org/toolchain@v0.0.1-go1.24.13.darwin-arm64/src/net/http/server.go:3454 +0x3d8

2026/04/16 21:17:30 [TeacherPortal] - Printing this id: 1 and type: int

2026/04/16 21:17:30 [TeacherPortal] - http: panic serving [::1]:62700: runtime error: invalid memory address or nil pointer dereference
goroutine 15 [running]:
net/http.(*conn).serve.func1()
	/Users/suriyaprakash.m/go/pkg/mod/golang.org/toolchain@v0.0.1-go1.24.13.darwin-arm64/src/net/http/server.go:1947 +0xb0
panic({0x10114a780?, 0x1014f41c0?})
	/Users/suriyaprakash.m/go/pkg/mod/golang.org/toolchain@v0.0.1-go1.24.13.darwin-arm64/src/runtime/panic.go:792 +0x124
html/template.(*Template).escape(0x1400015d958?)
	/Users/suriyaprakash.m/go/pkg/mod/golang.org/toolchain@v0.0.1-go1.24.13.darwin-arm64/src/html/template/template.go:97 +0x24
html/template.(*Template).Execute(0x0, {0x1011c4b40, 0x140002162a0}, {0x101191280, 0x14000112e00})
	/Users/suriyaprakash.m/go/pkg/mod/golang.org/toolchain@v0.0.1-go1.24.13.darwin-arm64/src/html/template/template.go:121 +0x30
git-server.git-server/code-ecosystem/distributed-systems/pkg/teacherportal.studentsHandler.renderStudent({}, {0x1011c7a80, 0x140002162a0}, 0x2?, 0x1)
	/Users/suriyaprakash.m/workspace/intellizone/code-ecosystem/distributed-systems/pkg/teacherportal/handlers.go:105 +0x268
git-server.git-server/code-ecosystem/distributed-systems/pkg/teacherportal.studentsHandler.ServeHTTP({}, {0x1011c7a80, 0x140002162a0}, 0x14000246500)
	/Users/suriyaprakash.m/workspace/intellizone/code-ecosystem/distributed-systems/pkg/teacherportal/handlers.go:37 +0x1e8
net/http.(*ServeMux).ServeHTTP(0x1400010aba0?, {0x1011c7a80, 0x140002162a0}, 0x14000246500)
	/Users/suriyaprakash.m/go/pkg/mod/golang.org/toolchain@v0.0.1-go1.24.13.darwin-arm64/src/net/http/server.go:2822 +0x1b4
net/http.serverHandler.ServeHTTP({0x140001fb920?}, {0x1011c7a80?, 0x140002162a0?}, 0x6?)
	/Users/suriyaprakash.m/go/pkg/mod/golang.org/toolchain@v0.0.1-go1.24.13.darwin-arm64/src/net/http/server.go:3301 +0xbc
net/http.(*conn).serve(0x140001f1440, {0x1011c7ff8, 0x14000288240})
	/Users/suriyaprakash.m/go/pkg/mod/golang.org/toolchain@v0.0.1-go1.24.13.darwin-arm64/src/net/http/server.go:2102 +0x52c
created by net/http.(*Server).Serve in goroutine 4
	/Users/suriyaprakash.m/go/pkg/mod/golang.org/toolchain@v0.0.1-go1.24.13.darwin-arm64/src/net/http/server.go:3454 +0x3d8

2026/04/16 21:17:35 [TeacherPortal] - Printing this id: 1 and type: int

2026/04/16 21:17:35 [TeacherPortal] - http: panic serving [::1]:62722: runtime error: invalid memory address or nil pointer dereference
goroutine 55 [running]:
net/http.(*conn).serve.func1()
	/Users/suriyaprakash.m/go/pkg/mod/golang.org/toolchain@v0.0.1-go1.24.13.darwin-arm64/src/net/http/server.go:1947 +0xb0
panic({0x10114a780?, 0x1014f41c0?})
	/Users/suriyaprakash.m/go/pkg/mod/golang.org/toolchain@v0.0.1-go1.24.13.darwin-arm64/src/runtime/panic.go:792 +0x124
html/template.(*Template).escape(0x1400015d958?)
	/Users/suriyaprakash.m/go/pkg/mod/golang.org/toolchain@v0.0.1-go1.24.13.darwin-arm64/src/html/template/template.go:97 +0x24
html/template.(*Template).Execute(0x0, {0x1011c4b40, 0x140002be1c0}, {0x101191280, 0x140002942c0})
	/Users/suriyaprakash.m/go/pkg/mod/golang.org/toolchain@v0.0.1-go1.24.13.darwin-arm64/src/html/template/template.go:121 +0x30
git-server.git-server/code-ecosystem/distributed-systems/pkg/teacherportal.studentsHandler.renderStudent({}, {0x1011c7a80, 0x140002be1c0}, 0x2?, 0x1)
	/Users/suriyaprakash.m/workspace/intellizone/code-ecosystem/distributed-systems/pkg/teacherportal/handlers.go:105 +0x268
git-server.git-server/code-ecosystem/distributed-systems/pkg/teacherportal.studentsHandler.ServeHTTP({}, {0x1011c7a80, 0x140002be1c0}, 0x140002bc3c0)
	/Users/suriyaprakash.m/workspace/intellizone/code-ecosystem/distributed-systems/pkg/teacherportal/handlers.go:37 +0x1e8
net/http.(*ServeMux).ServeHTTP(0x1400029c160?, {0x1011c7a80, 0x140002be1c0}, 0x140002bc3c0)
	/Users/suriyaprakash.m/go/pkg/mod/golang.org/toolchain@v0.0.1-go1.24.13.darwin-arm64/src/net/http/server.go:2822 +0x1b4
net/http.serverHandler.ServeHTTP({0x140002888a0?}, {0x1011c7a80?, 0x140002be1c0?}, 0x6?)
	/Users/suriyaprakash.m/go/pkg/mod/golang.org/toolchain@v0.0.1-go1.24.13.darwin-arm64/src/net/http/server.go:3301 +0xbc
net/http.(*conn).serve(0x140002a0510, {0x1011c7ff8, 0x14000288240})
	/Users/suriyaprakash.m/go/pkg/mod/golang.org/toolchain@v0.0.1-go1.24.13.darwin-arm64/src/net/http/server.go:2102 +0x52c
created by net/http.(*Server).Serve in goroutine 4
	/Users/suriyaprakash.m/go/pkg/mod/golang.org/toolchain@v0.0.1-go1.24.13.darwin-arm64/src/net/http/server.go:3454 +0x3d8

2026/04/16 21:18:05 [TeacherPortal] - Printing this id: 1 and type: int

2026/04/16 21:18:05 [TeacherPortal] - http: panic serving [::1]:62765: runtime error: invalid memory address or nil pointer dereference
goroutine 57 [running]:
net/http.(*conn).serve.func1()
	/Users/suriyaprakash.m/go/pkg/mod/golang.org/toolchain@v0.0.1-go1.24.13.darwin-arm64/src/net/http/server.go:1947 +0xb0
panic({0x10114a780?, 0x1014f41c0?})
	/Users/suriyaprakash.m/go/pkg/mod/golang.org/toolchain@v0.0.1-go1.24.13.darwin-arm64/src/runtime/panic.go:792 +0x124
html/template.(*Template).escape(0x14000159958?)
	/Users/suriyaprakash.m/go/pkg/mod/golang.org/toolchain@v0.0.1-go1.24.13.darwin-arm64/src/html/template/template.go:97 +0x24
html/template.(*Template).Execute(0x0, {0x1011c4b40, 0x140002be2a0}, {0x101191280, 0x14000294440})
	/Users/suriyaprakash.m/go/pkg/mod/golang.org/toolchain@v0.0.1-go1.24.13.darwin-arm64/src/html/template/template.go:121 +0x30
git-server.git-server/code-ecosystem/distributed-systems/pkg/teacherportal.studentsHandler.renderStudent({}, {0x1011c7a80, 0x140002be2a0}, 0x2?, 0x1)
	/Users/suriyaprakash.m/workspace/intellizone/code-ecosystem/distributed-systems/pkg/teacherportal/handlers.go:105 +0x268
git-server.git-server/code-ecosystem/distributed-systems/pkg/teacherportal.studentsHandler.ServeHTTP({}, {0x1011c7a80, 0x140002be2a0}, 0x140002bcc80)
	/Users/suriyaprakash.m/workspace/intellizone/code-ecosystem/distributed-systems/pkg/teacherportal/handlers.go:37 +0x1e8
net/http.(*ServeMux).ServeHTTP(0x1400029c2a0?, {0x1011c7a80, 0x140002be2a0}, 0x140002bcc80)
	/Users/suriyaprakash.m/go/pkg/mod/golang.org/toolchain@v0.0.1-go1.24.13.darwin-arm64/src/net/http/server.go:2822 +0x1b4
net/http.serverHandler.ServeHTTP({0x14000288cf0?}, {0x1011c7a80?, 0x140002be2a0?}, 0x6?)
	/Users/suriyaprakash.m/go/pkg/mod/golang.org/toolchain@v0.0.1-go1.24.13.darwin-arm64/src/net/http/server.go:3301 +0xbc
net/http.(*conn).serve(0x140002a07e0, {0x1011c7ff8, 0x14000288240})
	/Users/suriyaprakash.m/go/pkg/mod/golang.org/toolchain@v0.0.1-go1.24.13.darwin-arm64/src/net/http/server.go:2102 +0x52c
created by net/http.(*Server).Serve in goroutine 4
	/Users/suriyaprakash.m/go/pkg/mod/golang.org/toolchain@v0.0.1-go1.24.13.darwin-arm64/src/net/http/server.go:3454 +0x3d8

2026/04/16 21:19:05 [TeacherPortal] - Printing this id: 1 and type: int

2026/04/16 21:19:05 [TeacherPortal] - http: panic serving [::1]:62869: runtime error: invalid memory address or nil pointer dereference
goroutine 35 [running]:
net/http.(*conn).serve.func1()
	/Users/suriyaprakash.m/go/pkg/mod/golang.org/toolchain@v0.0.1-go1.24.13.darwin-arm64/src/net/http/server.go:1947 +0xb0
panic({0x10114a780?, 0x1014f41c0?})
	/Users/suriyaprakash.m/go/pkg/mod/golang.org/toolchain@v0.0.1-go1.24.13.darwin-arm64/src/runtime/panic.go:792 +0x124
html/template.(*Template).escape(0x1400015b958?)
	/Users/suriyaprakash.m/go/pkg/mod/golang.org/toolchain@v0.0.1-go1.24.13.darwin-arm64/src/html/template/template.go:97 +0x24
html/template.(*Template).Execute(0x0, {0x1011c4b40, 0x1400034a000}, {0x101191280, 0x1400030a1c0})
	/Users/suriyaprakash.m/go/pkg/mod/golang.org/toolchain@v0.0.1-go1.24.13.darwin-arm64/src/html/template/template.go:121 +0x30
git-server.git-server/code-ecosystem/distributed-systems/pkg/teacherportal.studentsHandler.renderStudent({}, {0x1011c7a80, 0x1400034a000}, 0x2?, 0x1)
	/Users/suriyaprakash.m/workspace/intellizone/code-ecosystem/distributed-systems/pkg/teacherportal/handlers.go:105 +0x268
git-server.git-server/code-ecosystem/distributed-systems/pkg/teacherportal.studentsHandler.ServeHTTP({}, {0x1011c7a80, 0x1400034a000}, 0x1400033a000)
	/Users/suriyaprakash.m/workspace/intellizone/code-ecosystem/distributed-systems/pkg/teacherportal/handlers.go:37 +0x1e8
net/http.(*ServeMux).ServeHTTP(0x14000336020?, {0x1011c7a80, 0x1400034a000}, 0x1400033a000)
	/Users/suriyaprakash.m/go/pkg/mod/golang.org/toolchain@v0.0.1-go1.24.13.darwin-arm64/src/net/http/server.go:2822 +0x1b4
net/http.serverHandler.ServeHTTP({0x14000304150?}, {0x1011c7a80?, 0x1400034a000?}, 0x6?)
	/Users/suriyaprakash.m/go/pkg/mod/golang.org/toolchain@v0.0.1-go1.24.13.darwin-arm64/src/net/http/server.go:3301 +0xbc
net/http.(*conn).serve(0x14000334000, {0x1011c7ff8, 0x14000288240})
	/Users/suriyaprakash.m/go/pkg/mod/golang.org/toolchain@v0.0.1-go1.24.13.darwin-arm64/src/net/http/server.go:2102 +0x52c
created by net/http.(*Server).Serve in goroutine 4
	/Users/suriyaprakash.m/go/pkg/mod/golang.org/toolchain@v0.0.1-go1.24.13.darwin-arm64/src/net/http/server.go:3454 +0x3d8

2026/04/16 21:23:08 [TeacherPortal] - http: Server closed

2026/04/16 21:23:20 [TeacherPortal] - Printing this id: 1 and type: int

2026/04/16 21:23:20 [TeacherPortal] - http: panic serving [::1]:63423: runtime error: invalid memory address or nil pointer dereference
goroutine 3 [running]:
net/http.(*conn).serve.func1()
	/Users/suriyaprakash.m/go/pkg/mod/golang.org/toolchain@v0.0.1-go1.24.13.darwin-arm64/src/net/http/server.go:1947 +0xb0
panic({0x102da6780?, 0x1031501c0?})
	/Users/suriyaprakash.m/go/pkg/mod/golang.org/toolchain@v0.0.1-go1.24.13.darwin-arm64/src/runtime/panic.go:792 +0x124
html/template.(*Template).escape(0x14000263958?)
	/Users/suriyaprakash.m/go/pkg/mod/golang.org/toolchain@v0.0.1-go1.24.13.darwin-arm64/src/html/template/template.go:97 +0x24
html/template.(*Template).Execute(0x0, {0x102e20b40, 0x140001e8000}, {0x102ded280, 0x14000290280})
	/Users/suriyaprakash.m/go/pkg/mod/golang.org/toolchain@v0.0.1-go1.24.13.darwin-arm64/src/html/template/template.go:121 +0x30
git-server.git-server/code-ecosystem/distributed-systems/pkg/teacherportal.studentsHandler.renderStudent({}, {0x102e23a80, 0x140001e8000}, 0x2?, 0x1)
	/Users/suriyaprakash.m/workspace/intellizone/code-ecosystem/distributed-systems/pkg/teacherportal/handlers.go:105 +0x268
git-server.git-server/code-ecosystem/distributed-systems/pkg/teacherportal.studentsHandler.ServeHTTP({}, {0x102e23a80, 0x140001e8000}, 0x140001b3680)
	/Users/suriyaprakash.m/workspace/intellizone/code-ecosystem/distributed-systems/pkg/teacherportal/handlers.go:37 +0x1e8
net/http.(*ServeMux).ServeHTTP(0x1400019ec40?, {0x102e23a80, 0x140001e8000}, 0x140001b3680)
	/Users/suriyaprakash.m/go/pkg/mod/golang.org/toolchain@v0.0.1-go1.24.13.darwin-arm64/src/net/http/server.go:2822 +0x1b4
net/http.serverHandler.ServeHTTP({0x140002860c0?}, {0x102e23a80?, 0x140001e8000?}, 0x6?)
	/Users/suriyaprakash.m/go/pkg/mod/golang.org/toolchain@v0.0.1-go1.24.13.darwin-arm64/src/net/http/server.go:3301 +0xbc
net/http.(*conn).serve(0x1400028a000, {0x102e23ff8, 0x1400018a240})
	/Users/suriyaprakash.m/go/pkg/mod/golang.org/toolchain@v0.0.1-go1.24.13.darwin-arm64/src/net/http/server.go:2102 +0x52c
created by net/http.(*Server).Serve in goroutine 21
	/Users/suriyaprakash.m/go/pkg/mod/golang.org/toolchain@v0.0.1-go1.24.13.darwin-arm64/src/net/http/server.go:3454 +0x3d8

2026/04/16 21:23:20 [TeacherPortal] - Printing this id: 1 and type: int

2026/04/16 21:23:20 [TeacherPortal] - http: panic serving [::1]:63426: runtime error: invalid memory address or nil pointer dereference
goroutine 13 [running]:
net/http.(*conn).serve.func1()
	/Users/suriyaprakash.m/go/pkg/mod/golang.org/toolchain@v0.0.1-go1.24.13.darwin-arm64/src/net/http/server.go:1947 +0xb0
panic({0x102da6780?, 0x1031501c0?})
	/Users/suriyaprakash.m/go/pkg/mod/golang.org/toolchain@v0.0.1-go1.24.13.darwin-arm64/src/runtime/panic.go:792 +0x124
html/template.(*Template).escape(0x1400011b958?)
	/Users/suriyaprakash.m/go/pkg/mod/golang.org/toolchain@v0.0.1-go1.24.13.darwin-arm64/src/html/template/template.go:97 +0x24
html/template.(*Template).Execute(0x0, {0x102e20b40, 0x14000294380}, {0x102ded280, 0x140000c8b00})
	/Users/suriyaprakash.m/go/pkg/mod/golang.org/toolchain@v0.0.1-go1.24.13.darwin-arm64/src/html/template/template.go:121 +0x30
git-server.git-server/code-ecosystem/distributed-systems/pkg/teacherportal.studentsHandler.renderStudent({}, {0x102e23a80, 0x14000294380}, 0x2?, 0x1)
	/Users/suriyaprakash.m/workspace/intellizone/code-ecosystem/distributed-systems/pkg/teacherportal/handlers.go:105 +0x268
git-server.git-server/code-ecosystem/distributed-systems/pkg/teacherportal.studentsHandler.ServeHTTP({}, {0x102e23a80, 0x14000294380}, 0x140002928c0)
	/Users/suriyaprakash.m/workspace/intellizone/code-ecosystem/distributed-systems/pkg/teacherportal/handlers.go:37 +0x1e8
net/http.(*ServeMux).ServeHTTP(0x14000282280?, {0x102e23a80, 0x14000294380}, 0x140002928c0)
	/Users/suriyaprakash.m/go/pkg/mod/golang.org/toolchain@v0.0.1-go1.24.13.darwin-arm64/src/net/http/server.go:2822 +0x1b4
net/http.serverHandler.ServeHTTP({0x140002867e0?}, {0x102e23a80?, 0x14000294380?}, 0x6?)
	/Users/suriyaprakash.m/go/pkg/mod/golang.org/toolchain@v0.0.1-go1.24.13.darwin-arm64/src/net/http/server.go:3301 +0xbc
net/http.(*conn).serve(0x1400028a3f0, {0x102e23ff8, 0x1400018a240})
	/Users/suriyaprakash.m/go/pkg/mod/golang.org/toolchain@v0.0.1-go1.24.13.darwin-arm64/src/net/http/server.go:2102 +0x52c
created by net/http.(*Server).Serve in goroutine 21
	/Users/suriyaprakash.m/go/pkg/mod/golang.org/toolchain@v0.0.1-go1.24.13.darwin-arm64/src/net/http/server.go:3454 +0x3d8

2026/04/16 21:23:22 [TeacherPortal] - Printing this id: 1 and type: int

2026/04/16 21:23:22 [TeacherPortal] - http: panic serving [::1]:63429: runtime error: invalid memory address or nil pointer dereference
goroutine 57 [running]:
net/http.(*conn).serve.func1()
	/Users/suriyaprakash.m/go/pkg/mod/golang.org/toolchain@v0.0.1-go1.24.13.darwin-arm64/src/net/http/server.go:1947 +0xb0
panic({0x102da6780?, 0x1031501c0?})
	/Users/suriyaprakash.m/go/pkg/mod/golang.org/toolchain@v0.0.1-go1.24.13.darwin-arm64/src/runtime/panic.go:792 +0x124
html/template.(*Template).escape(0x1400011b958?)
	/Users/suriyaprakash.m/go/pkg/mod/golang.org/toolchain@v0.0.1-go1.24.13.darwin-arm64/src/html/template/template.go:97 +0x24
html/template.(*Template).Execute(0x0, {0x102e20b40, 0x140001e80e0}, {0x102ded280, 0x14000196540})
	/Users/suriyaprakash.m/go/pkg/mod/golang.org/toolchain@v0.0.1-go1.24.13.darwin-arm64/src/html/template/template.go:121 +0x30
git-server.git-server/code-ecosystem/distributed-systems/pkg/teacherportal.studentsHandler.renderStudent({}, {0x102e23a80, 0x140001e80e0}, 0x2?, 0x1)
	/Users/suriyaprakash.m/workspace/intellizone/code-ecosystem/distributed-systems/pkg/teacherportal/handlers.go:105 +0x268
git-server.git-server/code-ecosystem/distributed-systems/pkg/teacherportal.studentsHandler.ServeHTTP({}, {0x102e23a80, 0x140001e80e0}, 0x140001b3b80)
	/Users/suriyaprakash.m/workspace/intellizone/code-ecosystem/distributed-systems/pkg/teacherportal/handlers.go:37 +0x1e8
net/http.(*ServeMux).ServeHTTP(0x1400019ee20?, {0x102e23a80, 0x140001e80e0}, 0x140001b3b80)
	/Users/suriyaprakash.m/go/pkg/mod/golang.org/toolchain@v0.0.1-go1.24.13.darwin-arm64/src/net/http/server.go:2822 +0x1b4
net/http.serverHandler.ServeHTTP({0x140001f22a0?}, {0x102e23a80?, 0x140001e80e0?}, 0x6?)
	/Users/suriyaprakash.m/go/pkg/mod/golang.org/toolchain@v0.0.1-go1.24.13.darwin-arm64/src/net/http/server.go:3301 +0xbc
net/http.(*conn).serve(0x140001a25a0, {0x102e23ff8, 0x1400018a240})
	/Users/suriyaprakash.m/go/pkg/mod/golang.org/toolchain@v0.0.1-go1.24.13.darwin-arm64/src/net/http/server.go:2102 +0x52c
created by net/http.(*Server).Serve in goroutine 21
	/Users/suriyaprakash.m/go/pkg/mod/golang.org/toolchain@v0.0.1-go1.24.13.darwin-arm64/src/net/http/server.go:3454 +0x3d8

2026/04/16 21:23:27 [TeacherPortal] - Printing this id: 1 and type: int

2026/04/16 21:23:27 [TeacherPortal] - http: panic serving [::1]:63453: runtime error: invalid memory address or nil pointer dereference
goroutine 59 [running]:
net/http.(*conn).serve.func1()
	/Users/suriyaprakash.m/go/pkg/mod/golang.org/toolchain@v0.0.1-go1.24.13.darwin-arm64/src/net/http/server.go:1947 +0xb0
panic({0x102da6780?, 0x1031501c0?})
	/Users/suriyaprakash.m/go/pkg/mod/golang.org/toolchain@v0.0.1-go1.24.13.darwin-arm64/src/runtime/panic.go:792 +0x124
html/template.(*Template).escape(0x1400011d958?)
	/Users/suriyaprakash.m/go/pkg/mod/golang.org/toolchain@v0.0.1-go1.24.13.darwin-arm64/src/html/template/template.go:97 +0x24
html/template.(*Template).Execute(0x0, {0x102e20b40, 0x140001e81c0}, {0x102ded280, 0x140001966c0})
	/Users/suriyaprakash.m/go/pkg/mod/golang.org/toolchain@v0.0.1-go1.24.13.darwin-arm64/src/html/template/template.go:121 +0x30
git-server.git-server/code-ecosystem/distributed-systems/pkg/teacherportal.studentsHandler.renderStudent({}, {0x102e23a80, 0x140001e81c0}, 0x2?, 0x1)
	/Users/suriyaprakash.m/workspace/intellizone/code-ecosystem/distributed-systems/pkg/teacherportal/handlers.go:105 +0x268
git-server.git-server/code-ecosystem/distributed-systems/pkg/teacherportal.studentsHandler.ServeHTTP({}, {0x102e23a80, 0x140001e81c0}, 0x140001fe500)
	/Users/suriyaprakash.m/workspace/intellizone/code-ecosystem/distributed-systems/pkg/teacherportal/handlers.go:37 +0x1e8
net/http.(*ServeMux).ServeHTTP(0x1400019ef60?, {0x102e23a80, 0x140001e81c0}, 0x140001fe500)
	/Users/suriyaprakash.m/go/pkg/mod/golang.org/toolchain@v0.0.1-go1.24.13.darwin-arm64/src/net/http/server.go:2822 +0x1b4
net/http.serverHandler.ServeHTTP({0x140001f26f0?}, {0x102e23a80?, 0x140001e81c0?}, 0x6?)
	/Users/suriyaprakash.m/go/pkg/mod/golang.org/toolchain@v0.0.1-go1.24.13.darwin-arm64/src/net/http/server.go:3301 +0xbc
net/http.(*conn).serve(0x140001a2870, {0x102e23ff8, 0x1400018a240})
	/Users/suriyaprakash.m/go/pkg/mod/golang.org/toolchain@v0.0.1-go1.24.13.darwin-arm64/src/net/http/server.go:2102 +0x52c
created by net/http.(*Server).Serve in goroutine 21
	/Users/suriyaprakash.m/go/pkg/mod/golang.org/toolchain@v0.0.1-go1.24.13.darwin-arm64/src/net/http/server.go:3454 +0x3d8

2026/04/16 21:23:57 [TeacherPortal] - Printing this id: 1 and type: int

2026/04/16 21:23:57 [TeacherPortal] - http: panic serving [::1]:63506: runtime error: invalid memory address or nil pointer dereference
goroutine 15 [running]:
net/http.(*conn).serve.func1()
	/Users/suriyaprakash.m/go/pkg/mod/golang.org/toolchain@v0.0.1-go1.24.13.darwin-arm64/src/net/http/server.go:1947 +0xb0
panic({0x102da6780?, 0x1031501c0?})
	/Users/suriyaprakash.m/go/pkg/mod/golang.org/toolchain@v0.0.1-go1.24.13.darwin-arm64/src/runtime/panic.go:792 +0x124
html/template.(*Template).escape(0x1400011d958?)
	/Users/suriyaprakash.m/go/pkg/mod/golang.org/toolchain@v0.0.1-go1.24.13.darwin-arm64/src/html/template/template.go:97 +0x24
html/template.(*Template).Execute(0x0, {0x102e20b40, 0x14000294460}, {0x102ded280, 0x14000290580})
	/Users/suriyaprakash.m/go/pkg/mod/golang.org/toolchain@v0.0.1-go1.24.13.darwin-arm64/src/html/template/template.go:121 +0x30
git-server.git-server/code-ecosystem/distributed-systems/pkg/teacherportal.studentsHandler.renderStudent({}, {0x102e23a80, 0x14000294460}, 0x2?, 0x1)
	/Users/suriyaprakash.m/workspace/intellizone/code-ecosystem/distributed-systems/pkg/teacherportal/handlers.go:105 +0x268
git-server.git-server/code-ecosystem/distributed-systems/pkg/teacherportal.studentsHandler.ServeHTTP({}, {0x102e23a80, 0x14000294460}, 0x14000293040)
	/Users/suriyaprakash.m/workspace/intellizone/code-ecosystem/distributed-systems/pkg/teacherportal/handlers.go:37 +0x1e8
net/http.(*ServeMux).ServeHTTP(0x14000282440?, {0x102e23a80, 0x14000294460}, 0x14000293040)
	/Users/suriyaprakash.m/go/pkg/mod/golang.org/toolchain@v0.0.1-go1.24.13.darwin-arm64/src/net/http/server.go:2822 +0x1b4
net/http.serverHandler.ServeHTTP({0x14000286e70?}, {0x102e23a80?, 0x14000294460?}, 0x6?)
	/Users/suriyaprakash.m/go/pkg/mod/golang.org/toolchain@v0.0.1-go1.24.13.darwin-arm64/src/net/http/server.go:3301 +0xbc
net/http.(*conn).serve(0x1400028a990, {0x102e23ff8, 0x1400018a240})
	/Users/suriyaprakash.m/go/pkg/mod/golang.org/toolchain@v0.0.1-go1.24.13.darwin-arm64/src/net/http/server.go:2102 +0x52c
created by net/http.(*Server).Serve in goroutine 21
	/Users/suriyaprakash.m/go/pkg/mod/golang.org/toolchain@v0.0.1-go1.24.13.darwin-arm64/src/net/http/server.go:3454 +0x3d8

2026/04/16 21:24:57 [TeacherPortal] - Printing this id: 1 and type: int

2026/04/16 21:24:57 [TeacherPortal] - http: panic serving [::1]:63618: runtime error: invalid memory address or nil pointer dereference
goroutine 30 [running]:
net/http.(*conn).serve.func1()
	/Users/suriyaprakash.m/go/pkg/mod/golang.org/toolchain@v0.0.1-go1.24.13.darwin-arm64/src/net/http/server.go:1947 +0xb0
panic({0x102da6780?, 0x1031501c0?})
	/Users/suriyaprakash.m/go/pkg/mod/golang.org/toolchain@v0.0.1-go1.24.13.darwin-arm64/src/runtime/panic.go:792 +0x124
html/template.(*Template).escape(0x14000121958?)
	/Users/suriyaprakash.m/go/pkg/mod/golang.org/toolchain@v0.0.1-go1.24.13.darwin-arm64/src/html/template/template.go:97 +0x24
html/template.(*Template).Execute(0x0, {0x102e20b40, 0x1400025a0e0}, {0x102ded280, 0x140000c8c40})
	/Users/suriyaprakash.m/go/pkg/mod/golang.org/toolchain@v0.0.1-go1.24.13.darwin-arm64/src/html/template/template.go:121 +0x30
git-server.git-server/code-ecosystem/distributed-systems/pkg/teacherportal.studentsHandler.renderStudent({}, {0x102e23a80, 0x1400025a0e0}, 0x2?, 0x1)
	/Users/suriyaprakash.m/workspace/intellizone/code-ecosystem/distributed-systems/pkg/teacherportal/handlers.go:105 +0x268
git-server.git-server/code-ecosystem/distributed-systems/pkg/teacherportal.studentsHandler.ServeHTTP({}, {0x102e23a80, 0x1400025a0e0}, 0x14000123b80)
	/Users/suriyaprakash.m/workspace/intellizone/code-ecosystem/distributed-systems/pkg/teacherportal/handlers.go:37 +0x1e8
net/http.(*ServeMux).ServeHTTP(0x140000aaa60?, {0x102e23a80, 0x1400025a0e0}, 0x14000123b80)
	/Users/suriyaprakash.m/go/pkg/mod/golang.org/toolchain@v0.0.1-go1.24.13.darwin-arm64/src/net/http/server.go:2822 +0x1b4
net/http.serverHandler.ServeHTTP({0x1400023f380?}, {0x102e23a80?, 0x1400025a0e0?}, 0x6?)
	/Users/suriyaprakash.m/go/pkg/mod/golang.org/toolchain@v0.0.1-go1.24.13.darwin-arm64/src/net/http/server.go:3301 +0xbc
net/http.(*conn).serve(0x14000234fc0, {0x102e23ff8, 0x1400018a240})
	/Users/suriyaprakash.m/go/pkg/mod/golang.org/toolchain@v0.0.1-go1.24.13.darwin-arm64/src/net/http/server.go:2102 +0x52c
created by net/http.(*Server).Serve in goroutine 21
	/Users/suriyaprakash.m/go/pkg/mod/golang.org/toolchain@v0.0.1-go1.24.13.darwin-arm64/src/net/http/server.go:3454 +0x3d8

2026/04/16 21:29:16 [TeacherPortal] - http: Server closed

2026/04/16 21:29:27 [TeacherPortal] - Printing this s value from line 105 {2 Shakira Hartmann [{Quiz 1 Quiz 60.313934} {Week 1 Homework Homework 47.194942} {Quiz 2 Quiz 30.956993} {Week 2 Homework Homework 82.63144} {Quiz 3 Quiz 34.650585} {Week 3 Homework Homework 23.328371} {Quiz 4 Quiz 57.11191} {Week 4 Homework Homework 27.109783} {Quiz 5 Quiz 20.51657} {Week 5 Homework Homework 99.89678}]}

2026/04/16 21:29:27 [TeacherPortal] - http: panic serving [::1]:64144: runtime error: invalid memory address or nil pointer dereference
goroutine 49 [running]:
net/http.(*conn).serve.func1()
	/Users/suriyaprakash.m/go/pkg/mod/golang.org/toolchain@v0.0.1-go1.24.13.darwin-arm64/src/net/http/server.go:1947 +0xb0
panic({0x1009ca780?, 0x100d741c0?})
	/Users/suriyaprakash.m/go/pkg/mod/golang.org/toolchain@v0.0.1-go1.24.13.darwin-arm64/src/runtime/panic.go:792 +0x124
html/template.(*Template).escape(0x1400034b978?)
	/Users/suriyaprakash.m/go/pkg/mod/golang.org/toolchain@v0.0.1-go1.24.13.darwin-arm64/src/html/template/template.go:97 +0x24
html/template.(*Template).Execute(0x0, {0x100a44b40, 0x140002b2000}, {0x100a11280, 0x140001980c0})
	/Users/suriyaprakash.m/go/pkg/mod/golang.org/toolchain@v0.0.1-go1.24.13.darwin-arm64/src/html/template/template.go:121 +0x30
git-server.git-server/code-ecosystem/distributed-systems/pkg/teacherportal.studentsHandler.renderStudent({}, {0x100a47a80, 0x140002b2000}, 0x10096a078?, 0x2)
	/Users/suriyaprakash.m/workspace/intellizone/code-ecosystem/distributed-systems/pkg/teacherportal/handlers.go:106 +0x2e8
git-server.git-server/code-ecosystem/distributed-systems/pkg/teacherportal.studentsHandler.ServeHTTP({}, {0x100a47a80, 0x140002b2000}, 0x140002ae000)
	/Users/suriyaprakash.m/workspace/intellizone/code-ecosystem/distributed-systems/pkg/teacherportal/handlers.go:37 +0x158
net/http.(*ServeMux).ServeHTTP(0x0?, {0x100a47a80, 0x140002b2000}, 0x140002ae000)
	/Users/suriyaprakash.m/go/pkg/mod/golang.org/toolchain@v0.0.1-go1.24.13.darwin-arm64/src/net/http/server.go:2822 +0x1b4
net/http.serverHandler.ServeHTTP({0x140002803f0?}, {0x100a47a80?, 0x140002b2000?}, 0x1?)
	/Users/suriyaprakash.m/go/pkg/mod/golang.org/toolchain@v0.0.1-go1.24.13.darwin-arm64/src/net/http/server.go:3301 +0xbc
net/http.(*conn).serve(0x1400029a1b0, {0x100a47ff8, 0x14000280240})
	/Users/suriyaprakash.m/go/pkg/mod/golang.org/toolchain@v0.0.1-go1.24.13.darwin-arm64/src/net/http/server.go:2102 +0x52c
created by net/http.(*Server).Serve in goroutine 22
	/Users/suriyaprakash.m/go/pkg/mod/golang.org/toolchain@v0.0.1-go1.24.13.darwin-arm64/src/net/http/server.go:3454 +0x3d8

2026/04/16 21:29:57 [TeacherPortal] - Printing this s value from line 105 {1 Kayli Schultz [{Quiz 1 Quiz 53.267944} {Week 1 Homework Homework 10.275355} {Quiz 2 Quiz 97.20265} {Week 2 Homework Homework 51.907394} {Quiz 3 Quiz 99.911896} {Week 3 Homework Homework 77.94609} {Quiz 4 Quiz 6.310995} {Week 4 Homework Homework 1.8260638} {Quiz 5 Quiz 43.830544} {Week 5 Homework Homework 20.161877}]}

2026/04/16 21:29:57 [TeacherPortal] - http: panic serving [::1]:64184: runtime error: invalid memory address or nil pointer dereference
goroutine 39 [running]:
net/http.(*conn).serve.func1()
	/Users/suriyaprakash.m/go/pkg/mod/golang.org/toolchain@v0.0.1-go1.24.13.darwin-arm64/src/net/http/server.go:1947 +0xb0
panic({0x1009ca780?, 0x100d741c0?})
	/Users/suriyaprakash.m/go/pkg/mod/golang.org/toolchain@v0.0.1-go1.24.13.darwin-arm64/src/runtime/panic.go:792 +0x124
html/template.(*Template).escape(0x1400011b978?)
	/Users/suriyaprakash.m/go/pkg/mod/golang.org/toolchain@v0.0.1-go1.24.13.darwin-arm64/src/html/template/template.go:97 +0x24
html/template.(*Template).Execute(0x0, {0x100a44b40, 0x1400033c0e0}, {0x100a11280, 0x1400028e380})
	/Users/suriyaprakash.m/go/pkg/mod/golang.org/toolchain@v0.0.1-go1.24.13.darwin-arm64/src/html/template/template.go:121 +0x30
git-server.git-server/code-ecosystem/distributed-systems/pkg/teacherportal.studentsHandler.renderStudent({}, {0x100a47a80, 0x1400033c0e0}, 0x10096a078?, 0x1)
	/Users/suriyaprakash.m/workspace/intellizone/code-ecosystem/distributed-systems/pkg/teacherportal/handlers.go:106 +0x2e8
git-server.git-server/code-ecosystem/distributed-systems/pkg/teacherportal.studentsHandler.ServeHTTP({}, {0x100a47a80, 0x1400033c0e0}, 0x1400032a500)
	/Users/suriyaprakash.m/workspace/intellizone/code-ecosystem/distributed-systems/pkg/teacherportal/handlers.go:37 +0x158
net/http.(*ServeMux).ServeHTTP(0x14000320140?, {0x100a47a80, 0x1400033c0e0}, 0x1400032a500)
	/Users/suriyaprakash.m/go/pkg/mod/golang.org/toolchain@v0.0.1-go1.24.13.darwin-arm64/src/net/http/server.go:2822 +0x1b4
net/http.serverHandler.ServeHTTP({0x140003047b0?}, {0x100a47a80?, 0x1400033c0e0?}, 0x6?)
	/Users/suriyaprakash.m/go/pkg/mod/golang.org/toolchain@v0.0.1-go1.24.13.darwin-arm64/src/net/http/server.go:3301 +0xbc
net/http.(*conn).serve(0x1400031e240, {0x100a47ff8, 0x14000280240})
	/Users/suriyaprakash.m/go/pkg/mod/golang.org/toolchain@v0.0.1-go1.24.13.darwin-arm64/src/net/http/server.go:2102 +0x52c
created by net/http.(*Server).Serve in goroutine 22
	/Users/suriyaprakash.m/go/pkg/mod/golang.org/toolchain@v0.0.1-go1.24.13.darwin-arm64/src/net/http/server.go:3454 +0x3d8

2026/04/16 21:38:26 [TeacherPortal] - http: Server closed

2026/04/16 21:38:32 [TeacherPortal] - Printing this s value from line 105 {2 Shakira Hartmann [{Quiz 1 Quiz 60.313934} {Week 1 Homework Homework 47.194942} {Quiz 2 Quiz 30.956993} {Week 2 Homework Homework 82.63144} {Quiz 3 Quiz 34.650585} {Week 3 Homework Homework 23.328371} {Quiz 4 Quiz 57.11191} {Week 4 Homework Homework 27.109783} {Quiz 5 Quiz 20.51657} {Week 5 Homework Homework 99.89678}]}

2026/04/16 21:38:32 [TeacherPortal] - http: panic serving [::1]:65325: runtime error: invalid memory address or nil pointer dereference
goroutine 3 [running]:
net/http.(*conn).serve.func1()
	/Users/suriyaprakash.m/go/pkg/mod/golang.org/toolchain@v0.0.1-go1.24.13.darwin-arm64/src/net/http/server.go:1947 +0xb0
panic({0x104d6a780?, 0x1051141c0?})
	/Users/suriyaprakash.m/go/pkg/mod/golang.org/toolchain@v0.0.1-go1.24.13.darwin-arm64/src/runtime/panic.go:792 +0x124
html/template.(*Template).escape(0x140002cd978?)
	/Users/suriyaprakash.m/go/pkg/mod/golang.org/toolchain@v0.0.1-go1.24.13.darwin-arm64/src/html/template/template.go:97 +0x24
html/template.(*Template).Execute(0x0, {0x104de4b40, 0x14000196000}, {0x104db1280, 0x1400031e200})
	/Users/suriyaprakash.m/go/pkg/mod/golang.org/toolchain@v0.0.1-go1.24.13.darwin-arm64/src/html/template/template.go:121 +0x30
git-server.git-server/code-ecosystem/distributed-systems/pkg/teacherportal.studentsHandler.renderStudent({}, {0x104de7a80, 0x14000196000}, 0x104d0a078?, 0x2)
	/Users/suriyaprakash.m/workspace/intellizone/code-ecosystem/distributed-systems/pkg/teacherportal/handlers.go:106 +0x2e8
git-server.git-server/code-ecosystem/distributed-systems/pkg/teacherportal.studentsHandler.ServeHTTP({}, {0x104de7a80, 0x14000196000}, 0x14000192000)
	/Users/suriyaprakash.m/workspace/intellizone/code-ecosystem/distributed-systems/pkg/teacherportal/handlers.go:37 +0x158
net/http.(*ServeMux).ServeHTTP(0x0?, {0x104de7a80, 0x14000196000}, 0x14000192000)
	/Users/suriyaprakash.m/go/pkg/mod/golang.org/toolchain@v0.0.1-go1.24.13.darwin-arm64/src/net/http/server.go:2822 +0x1b4
net/http.serverHandler.ServeHTTP({0x140001860c0?}, {0x104de7a80?, 0x14000196000?}, 0x1?)
	/Users/suriyaprakash.m/go/pkg/mod/golang.org/toolchain@v0.0.1-go1.24.13.darwin-arm64/src/net/http/server.go:3301 +0xbc
net/http.(*conn).serve(0x1400018a000, {0x104de7ff8, 0x14000288240})
	/Users/suriyaprakash.m/go/pkg/mod/golang.org/toolchain@v0.0.1-go1.24.13.darwin-arm64/src/net/http/server.go:2102 +0x52c
created by net/http.(*Server).Serve in goroutine 21
	/Users/suriyaprakash.m/go/pkg/mod/golang.org/toolchain@v0.0.1-go1.24.13.darwin-arm64/src/net/http/server.go:3454 +0x3d8

2026/04/16 21:38:43 [TeacherPortal] - Printing this s value from line 105 {2 Shakira Hartmann [{Quiz 1 Quiz 60.313934} {Week 1 Homework Homework 47.194942} {Quiz 2 Quiz 30.956993} {Week 2 Homework Homework 82.63144} {Quiz 3 Quiz 34.650585} {Week 3 Homework Homework 23.328371} {Quiz 4 Quiz 57.11191} {Week 4 Homework Homework 27.109783} {Quiz 5 Quiz 20.51657} {Week 5 Homework Homework 99.89678}]}

2026/04/16 21:38:43 [TeacherPortal] - http: panic serving [::1]:65344: runtime error: invalid memory address or nil pointer dereference
goroutine 54 [running]:
net/http.(*conn).serve.func1()
	/Users/suriyaprakash.m/go/pkg/mod/golang.org/toolchain@v0.0.1-go1.24.13.darwin-arm64/src/net/http/server.go:1947 +0xb0
panic({0x104d6a780?, 0x1051141c0?})
	/Users/suriyaprakash.m/go/pkg/mod/golang.org/toolchain@v0.0.1-go1.24.13.darwin-arm64/src/runtime/panic.go:792 +0x124
html/template.(*Template).escape(0x1400011b978?)
	/Users/suriyaprakash.m/go/pkg/mod/golang.org/toolchain@v0.0.1-go1.24.13.darwin-arm64/src/html/template/template.go:97 +0x24
html/template.(*Template).Execute(0x0, {0x104de4b40, 0x140002c00e0}, {0x104db1280, 0x14000294280})
	/Users/suriyaprakash.m/go/pkg/mod/golang.org/toolchain@v0.0.1-go1.24.13.darwin-arm64/src/html/template/template.go:121 +0x30
git-server.git-server/code-ecosystem/distributed-systems/pkg/teacherportal.studentsHandler.renderStudent({}, {0x104de7a80, 0x140002c00e0}, 0x104d0a078?, 0x2)
	/Users/suriyaprakash.m/workspace/intellizone/code-ecosystem/distributed-systems/pkg/teacherportal/handlers.go:106 +0x2e8
git-server.git-server/code-ecosystem/distributed-systems/pkg/teacherportal.studentsHandler.ServeHTTP({}, {0x104de7a80, 0x140002c00e0}, 0x14000320a00)
	/Users/suriyaprakash.m/workspace/intellizone/code-ecosystem/distributed-systems/pkg/teacherportal/handlers.go:37 +0x158
net/http.(*ServeMux).ServeHTTP(0x0?, {0x104de7a80, 0x140002c00e0}, 0x14000320a00)
	/Users/suriyaprakash.m/go/pkg/mod/golang.org/toolchain@v0.0.1-go1.24.13.darwin-arm64/src/net/http/server.go:2822 +0x1b4
net/http.serverHandler.ServeHTTP({0x14000306cc0?}, {0x104de7a80?, 0x140002c00e0?}, 0x1?)
	/Users/suriyaprakash.m/go/pkg/mod/golang.org/toolchain@v0.0.1-go1.24.13.darwin-arm64/src/net/http/server.go:3301 +0xbc
net/http.(*conn).serve(0x14000300360, {0x104de7ff8, 0x14000288240})
	/Users/suriyaprakash.m/go/pkg/mod/golang.org/toolchain@v0.0.1-go1.24.13.darwin-arm64/src/net/http/server.go:2102 +0x52c
created by net/http.(*Server).Serve in goroutine 21
	/Users/suriyaprakash.m/go/pkg/mod/golang.org/toolchain@v0.0.1-go1.24.13.darwin-arm64/src/net/http/server.go:3454 +0x3d8

2026/04/16 21:39:04 [TeacherPortal] - http: Server closed

2026/04/16 21:39:10 [TeacherPortal] - Printing this s value from line 105 {2 Shakira Hartmann [{Quiz 1 Quiz 60.313934} {Week 1 Homework Homework 47.194942} {Quiz 2 Quiz 30.956993} {Week 2 Homework Homework 82.63144} {Quiz 3 Quiz 34.650585} {Week 3 Homework Homework 23.328371} {Quiz 4 Quiz 57.11191} {Week 4 Homework Homework 27.109783} {Quiz 5 Quiz 20.51657} {Week 5 Homework Homework 99.89678}]}

2026/04/16 21:39:10 [TeacherPortal] - http: panic serving [::1]:65396: runtime error: invalid memory address or nil pointer dereference
goroutine 33 [running]:
net/http.(*conn).serve.func1()
	/Users/suriyaprakash.m/go/pkg/mod/golang.org/toolchain@v0.0.1-go1.24.13.darwin-arm64/src/net/http/server.go:1947 +0xb0
panic({0x1050b2780?, 0x10545c1c0?})
	/Users/suriyaprakash.m/go/pkg/mod/golang.org/toolchain@v0.0.1-go1.24.13.darwin-arm64/src/runtime/panic.go:792 +0x124
html/template.(*Template).escape(0x14000239978?)
	/Users/suriyaprakash.m/go/pkg/mod/golang.org/toolchain@v0.0.1-go1.24.13.darwin-arm64/src/html/template/template.go:97 +0x24
html/template.(*Template).Execute(0x0, {0x10512cb40, 0x1400013c000}, {0x1050f9280, 0x1400028c0c0})
	/Users/suriyaprakash.m/go/pkg/mod/golang.org/toolchain@v0.0.1-go1.24.13.darwin-arm64/src/html/template/template.go:121 +0x30
git-server.git-server/code-ecosystem/distributed-systems/pkg/teacherportal.studentsHandler.renderStudent({}, {0x10512fa80, 0x1400013c000}, 0x105052078?, 0x2)
	/Users/suriyaprakash.m/workspace/intellizone/code-ecosystem/distributed-systems/pkg/teacherportal/handlers.go:106 +0x2e8
git-server.git-server/code-ecosystem/distributed-systems/pkg/teacherportal.studentsHandler.ServeHTTP({}, {0x10512fa80, 0x1400013c000}, 0x14000132000)
	/Users/suriyaprakash.m/workspace/intellizone/code-ecosystem/distributed-systems/pkg/teacherportal/handlers.go:37 +0x158
net/http.(*ServeMux).ServeHTTP(0x0?, {0x10512fa80, 0x1400013c000}, 0x14000132000)
	/Users/suriyaprakash.m/go/pkg/mod/golang.org/toolchain@v0.0.1-go1.24.13.darwin-arm64/src/net/http/server.go:2822 +0x1b4
net/http.serverHandler.ServeHTTP({0x140001220c0?}, {0x10512fa80?, 0x1400013c000?}, 0x1?)
	/Users/suriyaprakash.m/go/pkg/mod/golang.org/toolchain@v0.0.1-go1.24.13.darwin-arm64/src/net/http/server.go:3301 +0xbc
net/http.(*conn).serve(0x1400012a000, {0x10512fff8, 0x14000280240})
	/Users/suriyaprakash.m/go/pkg/mod/golang.org/toolchain@v0.0.1-go1.24.13.darwin-arm64/src/net/http/server.go:2102 +0x52c
created by net/http.(*Server).Serve in goroutine 7
	/Users/suriyaprakash.m/go/pkg/mod/golang.org/toolchain@v0.0.1-go1.24.13.darwin-arm64/src/net/http/server.go:3454 +0x3d8

2026/04/16 21:39:57 [TeacherPortal] - Printing this s value from line 105 {1 Kayli Schultz [{Quiz 1 Quiz 53.267944} {Week 1 Homework Homework 10.275355} {Quiz 2 Quiz 97.20265} {Week 2 Homework Homework 51.907394} {Quiz 3 Quiz 99.911896} {Week 3 Homework Homework 77.94609} {Quiz 4 Quiz 6.310995} {Week 4 Homework Homework 1.8260638} {Quiz 5 Quiz 43.830544} {Week 5 Homework Homework 20.161877}]}

2026/04/16 21:39:57 [TeacherPortal] - http: panic serving [::1]:65459: runtime error: invalid memory address or nil pointer dereference
goroutine 69 [running]:
net/http.(*conn).serve.func1()
	/Users/suriyaprakash.m/go/pkg/mod/golang.org/toolchain@v0.0.1-go1.24.13.darwin-arm64/src/net/http/server.go:1947 +0xb0
panic({0x1050b2780?, 0x10545c1c0?})
	/Users/suriyaprakash.m/go/pkg/mod/golang.org/toolchain@v0.0.1-go1.24.13.darwin-arm64/src/runtime/panic.go:792 +0x124
html/template.(*Template).escape(0x140000f5978?)
	/Users/suriyaprakash.m/go/pkg/mod/golang.org/toolchain@v0.0.1-go1.24.13.darwin-arm64/src/html/template/template.go:97 +0x24
html/template.(*Template).Execute(0x0, {0x10512cb40, 0x140002300e0}, {0x1050f9280, 0x140000aad00})
	/Users/suriyaprakash.m/go/pkg/mod/golang.org/toolchain@v0.0.1-go1.24.13.darwin-arm64/src/html/template/template.go:121 +0x30
git-server.git-server/code-ecosystem/distributed-systems/pkg/teacherportal.studentsHandler.renderStudent({}, {0x10512fa80, 0x140002300e0}, 0x105052078?, 0x1)
	/Users/suriyaprakash.m/workspace/intellizone/code-ecosystem/distributed-systems/pkg/teacherportal/handlers.go:106 +0x2e8
git-server.git-server/code-ecosystem/distributed-systems/pkg/teacherportal.studentsHandler.ServeHTTP({}, {0x10512fa80, 0x140002300e0}, 0x140000f7e00)
	/Users/suriyaprakash.m/workspace/intellizone/code-ecosystem/distributed-systems/pkg/teacherportal/handlers.go:37 +0x158
net/http.(*ServeMux).ServeHTTP(0x1400007eae0?, {0x10512fa80, 0x140002300e0}, 0x140000f7e00)
	/Users/suriyaprakash.m/go/pkg/mod/golang.org/toolchain@v0.0.1-go1.24.13.darwin-arm64/src/net/http/server.go:2822 +0x1b4
net/http.serverHandler.ServeHTTP({0x14000213b30?}, {0x10512fa80?, 0x140002300e0?}, 0x6?)
	/Users/suriyaprakash.m/go/pkg/mod/golang.org/toolchain@v0.0.1-go1.24.13.darwin-arm64/src/net/http/server.go:3301 +0xbc
net/http.(*conn).serve(0x14000208fc0, {0x10512fff8, 0x14000280240})
	/Users/suriyaprakash.m/go/pkg/mod/golang.org/toolchain@v0.0.1-go1.24.13.darwin-arm64/src/net/http/server.go:2102 +0x52c
created by net/http.(*Server).Serve in goroutine 7
	/Users/suriyaprakash.m/go/pkg/mod/golang.org/toolchain@v0.0.1-go1.24.13.darwin-arm64/src/net/http/server.go:3454 +0x3d8

2026/04/16 21:43:19 [TeacherPortal] - http: Server closed

2026/04/16 21:43:36 [TeacherPortal] - Printing this s value from line 105 {1 Kayli Schultz [{Quiz 1 Quiz 53.267944} {Week 1 Homework Homework 10.275355} {Quiz 2 Quiz 97.20265} {Week 2 Homework Homework 51.907394} {Quiz 3 Quiz 99.911896} {Week 3 Homework Homework 77.94609} {Quiz 4 Quiz 6.310995} {Week 4 Homework Homework 1.8260638} {Quiz 5 Quiz 43.830544} {Week 5 Homework Homework 20.161877}]}

2026/04/16 21:43:36 [TeacherPortal] - http: panic serving [::1]:49550: runtime error: invalid memory address or nil pointer dereference
goroutine 40 [running]:
net/http.(*conn).serve.func1()
	/Users/suriyaprakash.m/go/pkg/mod/golang.org/toolchain@v0.0.1-go1.24.13.darwin-arm64/src/net/http/server.go:1947 +0xb0
panic({0x100ece780?, 0x1012781c0?})
	/Users/suriyaprakash.m/go/pkg/mod/golang.org/toolchain@v0.0.1-go1.24.13.darwin-arm64/src/runtime/panic.go:792 +0x124
html/template.(*Template).escape(0x140000ef978?)
	/Users/suriyaprakash.m/go/pkg/mod/golang.org/toolchain@v0.0.1-go1.24.13.darwin-arm64/src/html/template/template.go:97 +0x24
html/template.(*Template).Execute(0x0, {0x100f48b40, 0x140002b20e0}, {0x100f15280, 0x1400011c200})
	/Users/suriyaprakash.m/go/pkg/mod/golang.org/toolchain@v0.0.1-go1.24.13.darwin-arm64/src/html/template/template.go:121 +0x30
git-server.git-server/code-ecosystem/distributed-systems/pkg/teacherportal.studentsHandler.renderStudent({}, {0x100f4ba80, 0x140002b20e0}, 0x100e6e078?, 0x1)
	/Users/suriyaprakash.m/workspace/intellizone/code-ecosystem/distributed-systems/pkg/teacherportal/handlers.go:106 +0x2e8
git-server.git-server/code-ecosystem/distributed-systems/pkg/teacherportal.studentsHandler.ServeHTTP({}, {0x100f4ba80, 0x140002b20e0}, 0x140002a9900)
	/Users/suriyaprakash.m/workspace/intellizone/code-ecosystem/distributed-systems/pkg/teacherportal/handlers.go:37 +0x158
net/http.(*ServeMux).ServeHTTP(0x0?, {0x100f4ba80, 0x140002b20e0}, 0x140002a9900)
	/Users/suriyaprakash.m/go/pkg/mod/golang.org/toolchain@v0.0.1-go1.24.13.darwin-arm64/src/net/http/server.go:2822 +0x1b4
net/http.serverHandler.ServeHTTP({0x14000297c50?}, {0x100f4ba80?, 0x140002b20e0?}, 0x1?)
	/Users/suriyaprakash.m/go/pkg/mod/golang.org/toolchain@v0.0.1-go1.24.13.darwin-arm64/src/net/http/server.go:3301 +0xbc
net/http.(*conn).serve(0x1400029e240, {0x100f4bff8, 0x14000110240})
	/Users/suriyaprakash.m/go/pkg/mod/golang.org/toolchain@v0.0.1-go1.24.13.darwin-arm64/src/net/http/server.go:2102 +0x52c
created by net/http.(*Server).Serve in goroutine 7
	/Users/suriyaprakash.m/go/pkg/mod/golang.org/toolchain@v0.0.1-go1.24.13.darwin-arm64/src/net/http/server.go:3454 +0x3d8

2026/04/16 21:45:15 [TeacherPortal] - http: Server closed

2026/04/16 21:45:23 [TeacherPortal] - Printing this s value from line 105 {1 Kayli Schultz [{Quiz 1 Quiz 53.267944} {Week 1 Homework Homework 10.275355} {Quiz 2 Quiz 97.20265} {Week 2 Homework Homework 51.907394} {Quiz 3 Quiz 99.911896} {Week 3 Homework Homework 77.94609} {Quiz 4 Quiz 6.310995} {Week 4 Homework Homework 1.8260638} {Quiz 5 Quiz 43.830544} {Week 5 Homework Homework 20.161877}]}

2026/04/16 21:45:53 [TeacherPortal] - http: Server closed

2026/04/16 21:46:30 [TeacherPortal] - Failed to save grade to grading service, status:  200

2026/04/16 21:47:34 [TeacherPortal] - Failed to save grade to grading service, status:  200

2026/04/16 21:48:30 [GradingService] - invalid character 'T' looking for beginning of value

2026/04/16 21:49:19 [GradingService] - invalid character 'T' looking for beginning of value

2026/04/16 21:51:46 [TeacherPortal] - Failed to save grade to grading service, status:  200

2026/04/16 21:54:21 [TeacherPortal] - failed to parse score:  strconv.ParseFloat: parsing "": invalid syntax

2026/04/16 21:54:40 [TeacherPortal] - failed to parse score:  strconv.ParseFloat: parsing "": invalid syntax

2026/04/16 21:56:37 [TeacherPortal] - http: Server closed

2026/04/16 21:56:42 [TeacherPortal] -   0

2026/04/16 21:56:42 [TeacherPortal] - failed to parse score:  strconv.ParseFloat: parsing "": invalid syntax

2026/04/16 21:57:04 [TeacherPortal] -   0

2026/04/16 21:57:04 [TeacherPortal] - failed to parse score:  strconv.ParseFloat: parsing "": invalid syntax

2026/04/16 21:58:24 [TeacherPortal] - http: Server closed

2026/04/16 21:58:29 [TeacherPortal] -  

2026/04/16 21:58:29 [TeacherPortal] - failed to parse score:  strconv.ParseFloat: parsing "": invalid syntax

2026/04/16 22:02:30 [TeacherPortal] - test Test

2026/04/16 22:02:30 [TeacherPortal] - Failed to save grade to grading service, status:  200

2026/04/16 22:03:17 [TeacherPortal] - test Test

2026/04/16 22:03:17 [TeacherPortal] - Failed to save grade to grading service, status:  200

2026/04/16 22:03:34 [TeacherPortal] - http: Server closed

2026/04/16 22:03:43 [TeacherPortal] - dwjvhhb Test 11

2026/04/16 22:03:43 [TeacherPortal] - Failed to save grade to grading service, status:  200

2026/04/16 22:04:17 [TeacherPortal] - 11 Test 0

2026/04/16 22:04:17 [TeacherPortal] - Failed to save grade to grading service, status:  200

2026/04/16 22:04:28 [TeacherPortal] - http: Server closed

2026/04/16 22:04:57 [TeacherPortal] - Failed to save grade to grading service, status:  200

2026/04/16 22:07:49 [GradingService] - http: Server closed

2026/04/16 22:08:00 [TeacherPortal] - Failed to save grade to grading service, status:  200

2026/04/16 22:08:55 [GradingService] - http: Server closed

2026/04/16 22:09:02 [TeacherPortal] - Failed to save grade to grading service, status:  200

2026/04/16 22:11:53 [GradingService] - line no: 82

2026/04/16 22:11:53 [GradingService] - line no: 87

2026/04/16 22:11:53 [GradingService] - I ran {test2 Test 7}

2026/04/16 22:12:06 [GradingService] - line no: 82

2026/04/16 22:12:06 [GradingService] - line no: 87

2026/04/16 22:12:06 [GradingService] - I ran {test2 Test 7}

2026/04/16 22:18:09 [TeacherPortal] - http: Server closed

2026/04/16 22:18:35 [GradingService] - line no: 82

2026/04/16 22:18:35 [GradingService] - line no: 87

2026/04/16 22:18:35 [GradingService] - I ran {test Test 1}

2026/04/16 22:18:53 [GradingService] - http: Server closed

2026/04/16 23:13:02 [GradingService] - failed to deregister service. Registry service responded with code 500


2026/04/16 23:13:02 [GradingService] - http: Server closed

2026/04/16 23:26:13 [GradingService] - failed to deregister service. Registry service responded with code 500


2026/04/16 23:26:13 [GradingService] - http: Server closed

2026/04/16 23:26:47 [TeacherPortal] - http: Server closed

2026/04/16 23:26:49 [GradingService] - http: Server closed

2026/04/17 21:29:55 [TeacherPortal] - http: Server closed

2026/04/17 21:29:56 [GradingService] - http: Server closed

